date,value
2026-09-27,1825.99
2026-09-26,1768.869
2026-09-25,2208.804
2026-09-24,1608.133
2026-09-23,7953.059
2026-09-22,3542.045
2026-09-21,4496.327
2026-09-20,2826.889
2026-09-19,2761.739
2026-09-18,3599.844
2026-09-17,1958.028
2026-09-16,2200.388
2026-09-15,6395.36
2026-09-14,2153.85
2026-09-13,3147.998
2026-09-12,2479.867
2026-09-11,1839.918
2026-09-10,4978.015
2026-09-09,3550.197
2026-09-08,6264.273
2026-09-07,4491.16
2026-09-06,2353.971
2026-09-05,3719.805
2026-09-04,4480.639
2026-09-03,2825.871
2026-09-02,1912.412
2026-09-01,1053.374
2026-08-31,4391.329
2026-08-30,2037.795
2026-08-29,1676.372
2026-08-28,1153.9
2026-08-27,6804.29
2026-08-26,5686.185
2026-08-25,6806.563
2026-08-24,2823.883
2026-08-23,1995.751
2026-08-22,3861.54
2026-08-21,10305.801
2026-08-20,2815.918
2026-08-19,1715.385
2026-08-18,5516.236
2026-08-17,3962.134
2026-08-16,2546.609
2026-08-15,4375.027
2026-08-14,5743.717
2026-08-13,3747.621
2026-08-12,2382.866
2026-08-11,5350.563
2026-08-10,2231.032
2026-08-09,1680.975
2026-08-08,15341.068
2026-08-07,3784.132
2026-08-06,5394.024
2026-08-05,6211.126
2026-08-04,6912.241
2026-08-03,5146.309
2026-08-02,4211.885
2026-08-01,2933.314
2026-07-31,3746.535
2026-07-30,2889.335
2026-07-29,2457.337
2026-07-28,6182.882
2026-07-27,3629.673
2026-07-26,2831.935
2026-07-25,2961.02
2026-07-24,2605.809
2026-07-23,7139.603
2026-07-22,2874.334
2026-07-21,12373.594
2026-07-20,8829.352
2026-07-19,9909.963
2026-07-18,7599.327
2026-07-17,5205.697
2026-07-16,7064.998
2026-07-15,3232.668
2026-07-14,4807.54
2026-07-13,1553.43
2026-07-12,11691.341
2026-07-11,10079.192
2026-07-10,1756.431
2026-07-09,2054.798
2026-07-08,2639.738
2026-07-07,6742.559
2026-07-06,2568.663
2026-07-05,2978.588
2026-07-04,3083.69
2026-07-03,6161.588
2026-07-02,4170.577
2026-07-01,4607.348
2026-06-30,4719.47
2026-06-29,3499.604
2026-06-28,2619.945
2026-06-27,9635.162
2026-06-26,4386.392
2026-06-25,3205.36
2026-06-24,3286.88
2026-06-23,6740.93
2026-06-22,4375.253
2026-06-21,3278.644
2026-06-20,6668.07
2026-06-19,3976.323
2026-06-18,3242.191
2026-06-17,1530.042
2026-06-16,7141.465
2026-06-15,4082.279
2026-06-14,4098.768
2026-06-13,2577.371
2026-06-12,4835.4
2026-06-11,2349.395
2026-06-10,4103.433
2026-06-09,14152.213
2026-06-08,8989.9
2026-06-07,8362.807
2026-06-06,9062.085
2026-06-05,5812.457
2026-06-04,4169.745
2026-06-03,3208.89
2026-06-02,1849.273
2026-06-01,2925.057
2026-05-31,3297.394
2026-05-30,5862.63
2026-05-29,6275.215
2026-05-28,7675.23
2026-05-27,2754.972
2026-05-26,13143.822
2026-05-25,9346.238
2026-05-24,2182.876
2026-05-23,11954.434
2026-05-22,9782.66
2026-05-21,4640.04
2026-05-20,6226.274
2026-05-19,18541.598
2026-05-18,9226.702
2026-05-17,10601.754
2026-05-16,3994.499
2026-05-15,10811.526
2026-05-14,10007.095
2026-05-13,8417.585
2026-05-12,21101.09
2026-05-11,8928.794
2026-05-10,6788.736
2026-05-09,9633.355
2026-05-08,1393.365
2026-05-07,7434.741
2026-05-06,10272.348
2026-05-05,17919.287
2026-05-04,12305.057
2026-05-03,14471.55
2026-05-02,12551.008
2026-05-01,13350.96
2026-04-30,8921.411
2026-04-29,7509.123
2026-04-28,17927.625
2026-04-27,8906.74
2026-04-26,8435.475
2026-04-25,7050.844
2026-04-24,5007.075
2026-04-23,3343.857
2026-04-22,8963.638
2026-04-21,23713.65
2026-04-20,5616.421
2026-04-19,12648.114
2026-04-18,6979.608
2026-04-17,9048.109
2026-04-16,3411.058
2026-04-15,7427.018
2026-04-14,14019.664
2026-04-13,9584.612
2026-04-12,6859.931
2026-04-11,5280.698
2026-04-10,2381.768
2026-04-09,1130.944
2026-04-08,3633.66
2026-04-07,12860.774
2026-04-06,10979.08
2026-04-05,8003.976
2026-04-04,3967.036
2026-04-03,4044.113
2026-04-02,6145.473
2026-04-01,7707.732
2026-03-31,6082.985
2026-03-30,7219.058
2026-03-29,5957.163
2026-03-28,5724.682
2026-03-27,5067.313
2026-03-26,5255.083
2026-03-25,6787.359
2026-03-24,10730.703
2026-03-23,6426.625
2026-03-22,9254.568
2026-03-21,5483.092
2026-03-20,7339.873
2026-03-19,5836.458
2026-03-18,5057.631
2026-03-17,10959.22
2026-03-16,8025.574
2026-03-15,3371.985
2026-03-14,4705.471
2026-03-13,6226.055
2026-03-12,8610.547
2026-03-11,8380.239
2026-03-10,6949.967
2026-03-09,6802.85
2026-03-08,6259.055
2026-03-07,8419.077
2026-03-06,8564.764
2026-03-05,2927.499
2026-03-04,3176.68
2026-03-03,11102.759
2026-03-02,1497.786
2026-03-01,4796.11
2026-02-28,13434.091
2026-02-27,6468.657
2026-02-26,4420.944
2026-02-25,3051.439
2026-02-24,6769.421
2026-02-23,2701.395
2026-02-22,7576.284
2026-02-21,5947.776
2026-02-20,4205.123
2026-02-19,3576.979
2026-02-18,3876.495
2026-02-17,15399.527
2026-02-16,7657.876
2026-02-15,12917.885
2026-02-14,9348.962
2026-02-13,4960.071
2026-02-12,10563.344
2026-02-11,4115.869
2026-02-10,12808.778
2026-02-09,7829.107
2026-02-08,20779.803
2026-02-07,11687.528
2026-02-06,5795.789
2026-02-05,6333.59
2026-02-04,4815.373
2026-02-03,4630.462
2026-02-02,4641.447
2026-02-01,9170.242
2026-01-31,4161.398
2026-01-30,2548.133
2026-01-29,1563.82
2026-01-28,2080.19
2026-01-27,7427.763
2026-01-26,4067.924
2026-01-25,6541.639
2026-01-24,10100.282
2026-01-23,5439.795
2026-01-22,1358.974
2026-01-21,83.536
2026-01-20,4.212
2026-01-14,14.742
2026-01-13,2738.765
2026-01-12,4043.788
2026-01-11,5304.033
2026-01-10,3813.888
2026-01-09,1593.747
2026-01-08,1009.981
2026-01-07,1639.517
2026-01-06,7839.912
2026-01-05,5060.845
2026-01-04,6633.8
2026-01-03,4627.821
2026-01-02,4178.232
2026-01-01,2600.12
2025-12-31,4112.285
2025-12-30,4299.206
2025-12-29,3838.189
2025-12-28,3339.544
2025-12-27,5108.614
2025-12-26,2310.461
2025-12-25,1906.581
2025-12-24,3300.498
2025-12-23,4066.413
2025-12-22,3284.194
2025-12-21,5535.497
2025-12-20,9321.427
2025-12-19,3286.389
2025-12-18,5707.643
2025-12-17,4398.311
2025-12-16,6440.98
2025-12-15,4137.159
2025-12-14,1584.604
2025-12-13,2653.038
2025-12-12,2279.574
2025-12-11,1245.697
2025-12-10,2823.515
2025-12-09,5141.879
2025-12-08,2618.872
2025-12-07,1477.697
2025-12-06,4134.901
2025-12-05,2652.017
2025-12-04,1000.744
2025-12-03,3920.607
2025-12-02,6060.892
2025-12-01,3410.787
2025-11-30,1108.494
2025-11-29,1535.323
2025-11-28,2781.626
2025-11-27,4134.904
2025-11-26,607.595
2025-11-25,3884.856
2025-11-24,3840.34
2025-11-23,2096.561
2025-11-22,3133.533
2025-11-21,3382.052
2025-11-20,5205.038
2025-11-19,3293.371
2025-11-18,5108.353
2025-11-17,2515.808
2025-11-16,1529.674
2025-11-15,2286.612
2025-11-14,2423.67
2025-11-13,4657.638
2025-11-12,1713.077
2025-11-11,5550.02
2025-11-10,3124.376
2025-11-09,1541.603
2025-11-08,1482.356
2025-11-07,977.319
2025-11-06,1093.058
2025-11-05,302.884
2025-11-04,56.859
2025-11-03,284.31
2025-11-02,2333.726
2025-11-01,2332.159
2025-10-31,3143.511
2025-10-30,4795.165
2025-10-29,1467.322
2025-10-28,4760.925
2025-10-27,369.932
2025-10-26,1253.065
2025-10-25,1683.27
2025-10-24,2192.966
2025-10-23,5396.988
2025-10-22,1239.045
2025-10-21,5897.713
2025-10-20,742.748
2025-10-19,1394.161
2025-10-18,4223.215
2025-10-17,2750.406
2025-10-16,4796.133
2025-10-15,1191.313
2025-10-14,4156.794
2025-10-13,3296.542
2025-10-12,6770.112
2025-10-11,4924.987
2025-10-10,3011.837
2025-10-09,1449.837
2025-08-22,174.086
2025-08-21,4918.702
2025-08-20,964.341
2025-08-19,5392.651
2025-08-18,4128.432
2025-08-17,3687.582
2025-08-16,2236.926
2025-08-15,5036.475
2025-08-06,6436.529
2025-08-05,7128.651
2025-08-04,7249.325
2025-08-03,704.128
2025-08-02,2452.836
2025-08-01,5885.019
2025-07-31,3877.499
2025-07-30,3126.128
2025-07-29,5553.802
2025-07-28,107.4
2025-07-27,231.131
2025-07-26,5115.868
2025-07-25,6029.641
2025-07-24,1550.433
2025-07-23,4040.133
2025-07-22,2176.574
2025-07-21,4054.511
2025-07-20,356.72
2025-07-19,1552.613
2025-07-18,3405.302
2025-07-17,547.343
2025-07-16,1867.567
2025-07-15,6717.343
2025-07-14,5268.322
2025-07-13,522.733
2025-07-12,19.655
2025-07-11,5207.813
2025-07-10,3141.671
2025-07-09,6925.01
2025-07-08,5315.945
2025-07-07,1656.712
2025-07-06,4010.925
2025-07-05,4614.103
2025-07-04,818.362
2025-07-03,5041.534
2025-07-02,1372.892
2025-07-01,5846.637
2025-06-30,4049.941
2025-06-29,1250.14
2025-06-28,2141.054
2025-06-27,3594.963
2025-06-26,1867.852
2025-06-25,1277.538
2025-06-24,3679.266
2025-06-23,699.87
2025-06-22,1214.75
2025-06-21,2363.108
2025-06-20,3244.927
2025-06-19,5114.553
2025-06-18,1864.017
2025-06-17,2916.868
2025-06-16,4279.769
2025-06-15,2890.344
2025-06-14,869.458
2025-06-13,3022.622
2025-06-12,2378.786
2025-06-11,3821.617
2025-06-10,2331.276
2025-06-09,2909.809
2025-06-08,2828.012
2025-06-07,586.136
2025-06-06,2804.846
2025-06-04,2487.699
2025-06-03,4801.608
2025-06-02,916.888
2025-06-01,4758.483
2025-05-31,4113.41
2025-05-30,3202.552
2025-05-29,4954.543
2025-05-28,6259.241
2025-05-27,4762.962
2025-05-26,3988.719
2025-05-25,768.955
2025-05-24,1732.699
2025-05-23,6573.322
2025-05-22,1339.512
2025-05-21,5490.049
2025-05-20,4557.543
2025-05-19,3408.956
2025-05-18,6410.478
2025-05-17,5136.395
2025-05-16,3844.544
2025-05-15,1024.42
2025-05-14,1281.83
2025-05-13,8058.581
2025-05-12,2665.754
2025-05-11,4350.604
2025-05-10,3905.397
2025-05-09,3755.298
2025-05-08,4638.893
2025-05-07,3602.82
2025-05-06,5902.523
2025-05-05,3263.81
2025-05-04,2394.788
2025-05-03,3406.005
2025-05-02,4662.159
2025-05-01,2109.617
2025-04-30,2890.231
2025-04-29,4548.288
2025-04-28,3475.082
2025-04-27,3088.936
2025-04-26,1454.805
2025-04-25,1793.016
2025-04-24,1205.049
2025-04-23,1520.02
2025-04-22,3098.068
2025-04-21,3735.456
2025-04-20,940.28
2025-04-19,1764.1
2025-04-18,4835.813
2025-04-17,8149.464
2025-04-16,3068.973
2025-04-15,2177.784
2025-04-14,3888.954
2025-04-13,6853.158
2025-04-12,4409.459
2025-04-11,5565.415
2025-04-10,4995.962
2025-04-09,2694.498
2025-04-08,5872.787
2025-04-07,959.088
2025-04-06,2002.985
2025-04-05,1384.263
2025-04-04,778.363
2025-04-03,4843.064
2025-04-02,977.672
2025-04-01,5198.011
2025-03-31,7423.707
2025-03-30,1825.391
2025-03-29,1132.871
2025-03-28,343.977
2025-03-27,4671.206
2025-03-26,1819.846
2025-03-25,5203.467
2025-03-24,3299.958
2025-03-23,1393.419
2025-03-22,6098.421
2025-03-21,1480.427
2025-03-20,5165.098
2025-03-19,4643.271
2025-03-18,5447.886
2025-03-17,3355.021
2025-03-16,3554.889
2025-03-15,5644.643
2025-03-14,604.119
2025-03-13,5246.154
2025-03-12,4851.554
2025-03-11,5091.674
2025-03-10,3250.815
2025-03-09,3458.255
2025-03-08,4801.606
2025-03-07,1503.973
2025-03-06,4465.377
2025-03-05,507.728
2025-03-04,4936.96
2025-03-03,1173.185
2025-03-02,3030.754
2025-03-01,4574.533
2025-02-28,1117.798
2025-02-27,2901.545
2025-02-26,805.435
2025-02-25,2337.894
2025-02-24,1346.531
2025-02-23,3811.794
2025-02-22,75.812
2025-02-21,1076.899
2025-02-20,535.674
2025-02-19,97.879
2025-02-18,4226.104
2025-02-17,727.207
2025-02-16,423.161
2025-02-15,4100.803
2025-02-14,743.38
2025-02-13,2237.062
2025-02-12,978.815
2025-02-11,2261.807
2025-02-10,3598.558
2025-02-09,136.367
2025-02-08,729.595
2025-02-07,6689.322
2025-02-06,5401.757
2025-02-05,3416.984
2025-02-04,5384.112
2025-02-03,799.422
2025-02-02,1358.258
2025-02-01,1789.594
2025-01-31,293.496
2025-01-30,1840.628
2025-01-29,3718.962
2025-01-28,5577.879
2025-01-27,3062.648
2025-01-26,23.165
2025-01-25,2235.469
2025-01-24,348.479
2025-01-23,4113.831
2025-01-22,1242.874
2025-01-21,4656.01
2025-01-20,1160.684
2025-01-19,5390.678
2025-01-18,3754.946
2025-01-17,1563.529
2025-01-16,3650.712
2025-01-15,4106.529
2025-01-14,4933.938
2025-01-13,842.01
2025-01-12,2551.979
2025-01-11,2792.786
2025-01-10,2034.035
2025-01-09,956.313
2025-01-08,1327.49
2025-01-07,3812.646
2025-01-06,3346.583
2025-01-05,2203.058
2025-01-04,5432.229
2025-01-03,6983.19
2025-01-02,7140.177
2025-01-01,10471.297
2024-12-31,11838.731
2024-12-30,10739.626
2024-12-29,7445.984
2024-12-28,7508.756
2024-12-27,6878.549
2024-12-26,2824.379
2024-12-25,3041.512
2024-12-24,7691.141
2024-12-23,1671.41
2024-12-22,5138.674
2024-12-21,2912.51
2024-12-20,4366.163
2024-12-19,3420.976
2024-12-18,3044.421
2024-12-17,4300.425
2024-12-16,3379.226
2024-12-15,1071.231
2024-12-14,7554.309
2024-12-13,1033.122
2024-12-12,999.826
2024-12-11,5043.214
2024-12-10,4428.377
2024-12-09,6567.527
2024-12-08,2525.477
2024-12-07,5180.579
2024-12-06,5370.018
2024-12-05,4435.189
2024-12-04,1909.201
2024-12-03,1928.32
2024-12-02,1575.276
2024-12-01,933.737
2024-11-30,4259.867
2024-11-29,2022.052
2024-11-28,4541.24
2024-11-27,2770.408
2024-11-26,4183.985
2024-11-25,3383.28
2024-11-24,3153.522
2024-11-23,5882.671
2024-11-22,785.744
2024-11-21,2060.243
2024-11-20,4352.586
2024-11-19,5650.312
2024-11-18,2663.874
2024-11-17,1463.043
2024-11-16,3365.156
2024-11-15,5100.677
2024-11-14,1808.306
2024-11-13,4730.5
2024-11-12,3363.229
2024-11-11,3853.03
2024-11-10,3078.439
2024-11-09,2353.367
2024-11-08,325.153
2024-11-07,1917.211
2024-11-06,4156.272
2024-11-05,3129.112
2024-11-04,16394.834
2024-11-03,5476.225
2024-11-02,8152.057
2024-11-01,11026.84
2024-10-31,11866.066
2024-10-30,3414.771
2024-10-29,5144.118
2024-10-28,4538.826
2024-10-27,733.372
2024-10-26,4664.534
2024-10-25,1814.785
2024-10-24,2515.163
2024-10-23,3954.101
2024-10-22,5541.229
2024-10-21,3791.764
2024-10-20,4889.429
2024-10-19,2604.865
2024-10-18,1105.545
2024-10-17,4204.064
2024-10-16,3579.538
2024-10-15,5260.873
2024-10-14,4223.007
2024-10-13,3395.363
2024-10-12,3194.676
2024-10-11,1726.937
2024-10-10,1837.81
2024-10-09,4468.165
2024-10-08,5832.457
2024-10-07,3349.475
2024-10-06,4769.096
2024-10-05,2926.771
2024-10-04,1053.593
2024-10-03,1790.692
2024-10-01,5913.849
2024-09-30,3258.288
2024-09-29,5937.588
2024-09-28,2435.499
2024-09-27,1303.537
2024-09-26,1658.128
2024-09-21,1888.88
2024-09-20,4240.778
2024-09-17,5381.591
2024-09-16,4442.89
2024-09-15,2229.55
2024-09-14,6981.209
2024-09-13,844.941
2024-09-12,258.848
2024-09-11,4414.122
2024-09-10,4652.466
2024-09-09,1819.879
2024-09-08,5721.973
2024-09-07,1257.711
2024-09-06,358.701
2024-09-05,2349.018
2024-09-04,3035.175
2024-09-03,8835.843
2024-09-02,3058.723
2024-09-01,4055.995
2024-08-31,764.167
2024-08-30,2751.126
2024-08-25,3748.002
2024-08-24,3367.199
2024-08-23,4536.92
2024-08-22,3902.45
2024-08-11,2672.585
2024-08-10,4136.52
2024-08-09,6137.264
2024-08-08,5184.129
2024-08-05,2146.5
2024-08-04,2766.895
2024-08-02,3672.539
2024-07-28,7547.046
2024-07-27,5707.195
2024-07-26,1958.685
2024-07-22,1151.515
2024-07-20,5172.986
2024-07-19,4370.824
2024-07-18,1872.652
2024-07-17,3483.092
2024-07-16,5581.033
2024-07-15,3604.866
2024-07-13,5020.347
2024-07-11,1174.194
2024-07-10,3348.045
2024-07-06,1398.308
2024-07-04,1528.271
2024-07-02,5122.847
2024-07-01,4015.043
2024-06-30,2658.828
2024-06-23,20.357
2024-06-12,3437.101
2024-06-07,575.117
2024-06-06,2045.603
2024-06-05,3452.815
2024-06-04,6367.051
2024-06-03,722.843
2024-06-02,4832.145
2024-06-01,3337.727
2024-05-31,5603.379
2024-05-30,1962.813
2024-05-29,813.039
2024-05-28,6159.323
2024-05-26,770.734
2024-05-25,1127.126
2024-05-21,4760.682
2024-05-20,3702.125
2024-05-19,1901.394
2024-05-18,2060.173
2024-05-17,2856.178
2024-05-11,3708.599
2024-05-10,1039.2
2024-05-08,3515.174
2024-05-07,3642.837
2024-05-06,4175.052
2024-05-04,2392.476
2024-05-01,3447.381
2024-04-29,4402.008
2024-04-27,4066.399
2024-04-25,3260.365
2024-04-24,661.246
2024-04-23,6266.456
2024-04-22,3829.215
2024-04-21,3647.755
2024-04-20,2488.222
2024-04-19,5068.687
2024-04-18,1116.664
2024-04-17,5437.685
2024-04-16,3941.296
2024-04-15,3562.305
2024-04-14,9862.307
2024-04-13,2047.676
2024-04-12,1373.827
2024-04-11,3580.926
2024-04-10,3340.826
2024-04-09,3423.273
2024-04-08,5132.002
2024-04-07,1433.566
2024-04-06,5785.768
2024-04-05,1961.302
2024-04-04,1119.65
2024-04-03,1074.113
2024-04-02,3156.358
2024-04-01,1360.526
2024-03-31,4401.542
2024-03-30,3083.856
2024-03-29,2472.95
2024-03-28,1235.953
2024-03-27,4423.92
2024-03-26,4258.371
2024-03-25,4061.146
2024-03-24,2663.549
2024-03-23,1729.611
2024-03-22,462.662
2024-03-21,1572.467
2024-03-20,3137.621
2024-03-19,4585.281
2024-03-18,3578.978
2024-03-17,4655.572
2024-03-16,2198.119
2024-03-15,844.049
2024-03-14,0
2024-03-13,0
2024-03-12,0
2024-03-11,0
2024-03-10,0
2024-03-09,0
2024-03-08,0
2024-03-07,3408.486
2024-03-06,4495.391
2024-03-05,3442.408
2024-03-04,4074.25
2024-03-03,2745.936
2024-03-02,4686.277
2024-03-01,2600.759
2024-02-29,775.911
2024-02-28,3016.317
2024-02-27,745.481
2024-02-26,3320.976
2024-02-25,2917.867
2024-02-24,6646.152
2024-02-23,1724.011
2024-02-22,2653.407
2024-02-21,1568.176
2024-02-20,4266.732
2024-02-19,3754.144
2024-02-18,2617.605
2024-02-17,1327.442
2024-02-16,5649.666
2024-02-15,2867.58
2024-02-14,6940.184
2024-02-13,5923.614
2024-02-12,6769.219
2024-02-11,5233.699
2024-02-10,6288.738
2024-02-09,5245.909
2024-02-08,5877.889
2024-02-07,9012.688
2024-02-06,6855.774
2024-02-05,7434.183
2024-02-04,7586.77
2024-02-03,10257.902
2024-02-02,3737.488
2024-02-01,1476.135
2024-01-31,3986.765
2024-01-30,5171.252
2024-01-29,3347.096
2024-01-28,6797.768
2024-01-27,6810.476
2024-01-26,8043.924
2024-01-25,1709.27
2024-01-24,5422.624
2024-01-23,5825.66
2024-01-22,5871.277
2024-01-21,2499.209
2024-01-20,2463.875
2024-01-19,1630.091
2024-01-18,3431.879
2024-01-17,2575.799
2024-01-16,2207.548
2024-01-15,2531.265
2024-01-14,1059.256
2024-01-13,4528.186
2024-01-12,4018.903
2024-01-11,2028.684
2024-01-10,3181.859
2024-01-09,2330.054
2024-01-08,3780.873
2024-01-07,1050.833
2024-01-06,1090.845
2024-01-05,4250.362
2024-01-04,2180.068
2024-01-03,619.83
2024-01-02,1765.356
2024-01-01,753.662
2023-12-31,1789.293
2023-12-30,2342.242
2023-12-29,2031.615
2023-12-28,1134.961
2023-12-27,4552.599
2023-12-26,1505.703
2023-12-25,1272.652
2023-12-24,7715.68
2023-12-23,6140.268
2023-12-22,6455.77
2023-12-21,2916.124
2023-12-20,3002.79
2023-12-19,1561.668
2023-12-18,1859.036
2023-12-17,7588.621
2023-12-16,7371.087
2023-12-15,4740.739
2023-12-14,3104.114
2023-12-13,8960.967
2023-12-12,1659.431
2023-12-11,4251.427
2023-12-10,4549.389
2023-12-09,8553.303
2023-12-08,3559.686
2023-12-07,3604.439
2023-12-06,2526.327
2023-12-05,3087.92
2023-12-04,3678.663
2023-12-03,5905.658
2023-12-02,11055.219
2023-12-01,3061.115
2023-11-30,2487.041
2023-11-29,3175.665
2023-11-28,7242.308
2023-11-27,2103.208
2023-11-26,7073.648
2023-11-25,5364.678
2023-11-24,2479.051
2023-11-23,3874.857
2023-11-22,3214.423
2023-11-21,4992.736
2023-11-20,2068.673
2023-11-19,3832.259
2023-11-18,6795.193
2023-11-17,4311.543
2023-11-16,3745.667
2023-11-15,2301.098
2023-11-14,3116.1
2023-11-13,4261.333
2023-11-12,13825.082
2023-11-11,3338.273
2023-11-10,1403.918
2023-11-09,1005.382
2023-11-08,558.058
2023-11-07,2325.614
2023-11-06,2679.831
2023-11-05,6916.677
2023-11-04,3788.474
2023-11-03,3595.435
2023-11-02,1694.949
2023-11-01,4218.249
2023-10-31,5926.001
2023-10-30,3646.114
2023-10-29,3963.656
2023-10-28,5206.326
2023-10-27,3530.217
2023-10-26,1923.367
2023-10-25,1424.621
2023-10-24,202.866
2023-10-23,2779.759
2023-10-22,7471.237
2023-10-21,10584.896
2023-10-20,2568.604
2023-10-19,0
2023-10-18,2025.801
2023-10-17,3128.498
2023-10-16,934.093
2023-10-15,1012.927
2023-10-14,4731.908
2023-10-13,455.927
2023-10-12,1071.892
2023-10-11,1564.303
2023-10-10,585.434
2023-10-09,1693.367
2023-10-08,3884.642
2023-10-07,3543.243
2023-10-06,4402.814
2023-10-05,2488.447
2023-10-04,5783.928
2023-10-03,6596.146
2023-10-02,8306.844
2023-10-01,4561.932
2023-09-30,6303.398
2023-09-29,3627.26
2023-09-28,0
2023-09-27,1004.504
2023-09-26,4806.202
2023-09-25,4383.1
2023-09-24,3022.638
2023-09-23,1513.153
2023-09-22,2395.417
2023-09-21,146.709
2023-09-20,4796.984
2023-09-19,3615.339
2023-09-18,3558.772
2023-09-17,5377.863
2023-09-16,5064.807
2023-09-15,1599.062
2023-09-14,2608.612
2023-09-13,3376.439
2023-09-12,3129.333
2023-09-11,1546.398
2023-09-10,1473.007
2023-09-09,2449.287
2023-09-08,2506.968
2023-09-07,3153.029
2023-09-06,4000.315
2023-09-05,6093.544
2023-09-04,3601.135
2023-09-03,770.049
2023-09-02,1663.646
2023-09-01,4109.27
2023-08-31,2740.449
2023-08-30,4815.71
2023-08-29,2560.474
2023-08-28,7810.547
2023-08-27,3958.593
2023-08-26,6531.36
2023-08-25,1312.905
2023-08-24,3885.485
2023-08-23,4972.989
2023-08-22,4320.776
2023-08-21,6189.834
2023-08-20,4655.865
2023-08-19,5120.22
2023-08-18,3414.233
2023-08-17,7236.673
2023-08-16,6245.916
2023-08-15,4049.312
2023-08-14,3606.392
2023-08-13,931.5
2023-08-12,4694.003
2023-08-11,3391.902
2023-08-10,3142.457
2023-08-09,4729.844
2023-08-08,2089.731
2023-08-07,3359.275
2023-08-06,6721.631
2023-08-05,5718.588
2023-08-04,3340.387
2023-08-03,3790.589
2023-08-02,3215.542
2023-08-01,6165.063
2023-07-31,2646.385
2023-07-30,3560.919
2023-07-29,3658.061
2023-07-28,2333.862
2023-07-27,3530.619
2023-07-26,1706.698
2023-07-25,2905.092
2023-07-24,3598.945
2023-07-23,3107.528
2023-07-22,4069.159
2023-07-21,2897.324
2023-07-20,3396.871
2023-07-19,824.802
2023-07-18,5344.413
2023-07-17,6249.523
2023-07-16,4325.006
2023-07-15,5148.867
2023-07-14,6188.241
2023-07-13,5189.545
2023-07-12,5215.465
2023-07-11,6943.349
2023-07-10,2609.884
2023-07-09,1502.192
2023-07-08,5486.514
2023-07-07,7198.087
2023-07-06,2932.781
2023-07-05,3192.511
2023-07-04,3605.263
2023-07-03,1270.838
2023-07-02,6778.991
2023-07-01,5856.641
2023-06-30,937.817
2023-06-29,1099.97
2023-06-28,1672.663
2023-06-27,5009.997
2023-06-26,1770.341
2023-06-25,4538.261
2023-06-24,6478.209
2023-06-23,1741.56
2023-06-22,1611.698
2023-06-21,2038.583
2023-06-20,2071.215
2023-06-19,2805.137
2023-06-18,8005.371
2023-06-17,4298.096
2023-06-16,714.595
2023-06-15,105.294
2023-06-14,116.525
2023-06-13,35.8
2023-06-12,1872.124
2023-06-11,134.776
2023-06-10,4559.002
2023-06-09,1062.513
2023-06-08,756.712
2023-06-07,28.078
2023-06-06,2904.607
2023-06-05,581.222
2023-06-04,4073.67
2023-06-03,8438.244
2023-06-02,471.034
2023-06-01,409.242
2023-05-31,3673.814
2023-05-30,781.786
2023-05-29,1022.755
2023-05-28,3626.885
2023-05-27,4594.06
2023-05-26,688.622
2023-05-25,1616.968
2023-05-24,1466.685
2023-05-23,2679.065
2023-05-22,1716.451
2023-05-21,2925.766
2023-05-20,2118.513
2023-05-19,894.296
2023-05-18,1373.734
2023-05-17,2173.918
2023-05-16,2210.302
2023-05-15,2188.455
2023-05-14,4840.708
2023-05-13,2898.539
2023-05-12,588.944
2023-05-11,225.329
2023-05-10,2955.688
2023-05-09,3146.975
2023-05-08,4334.962
2023-05-07,6360.131
2023-05-06,3223.189
2023-05-05,893.66
2023-05-04,1037.496
2023-05-03,3763.433
2023-05-02,3176.645
2023-05-01,4465.496
2023-04-30,1379.35
2023-04-29,1884.5
2023-04-28,1712.078
2023-04-27,3024.131
2023-04-26,1271.248
2023-04-25,758.818
2023-04-24,5480.474
2023-04-23,5066.574
2023-04-22,3925.703
2023-04-21,2383.552
2023-04-20,3921.946
2023-04-19,3291.419
2023-04-18,4391.647
2023-04-17,2444.798
2023-04-16,2063.057
2023-04-15,2469.492
2023-04-14,3490.143
2023-04-13,3747.488
2023-04-12,4741.285
2023-04-11,4165.166
2023-04-10,916.057
2023-04-09,4169.456
2023-04-08,2692.716
2023-04-07,4475.741
2023-04-06,2109.387
2023-04-05,2729.217
2023-04-04,2823.046
2023-04-03,2156.836
2023-04-02,2814.636
2023-04-01,5058.379
2023-03-31,203.466
2023-03-30,1789.82
2023-03-29,2801.52
2023-03-28,1943.846
2023-03-27,3564.979
2023-03-26,4016.595
2023-03-25,2599.355
2023-03-24,3404.502
2023-03-23,3770.605
2023-03-22,4858.884
2023-03-21,4555.552
2023-03-20,2159.226
2023-03-19,3417.839
2023-03-18,5356.508
2023-03-17,3690.198
2023-03-16,635.975
2023-03-15,516.642
2023-03-14,5645.852
2023-03-13,482.246
2023-03-12,3124.421
2023-03-11,3894.261
2023-03-10,1728.926
2023-03-09,4849.133
2023-03-08,2899.793
2023-03-07,4503.769
2023-03-06,2288.387
2023-03-05,1126.645
2023-03-04,1850.364
2023-03-03,3093.534
2023-03-02,2504.59
2023-03-01,3484.525
2023-02-28,3378.53
2023-02-27,6744.424
2023-02-26,3031.762
2023-02-25,2831.703
2023-02-24,2509.504
2023-02-23,586.136
2023-02-22,3911.408
2023-02-21,911.143
2023-02-20,2741.042
2023-02-19,687.92
2023-02-18,2235.739
2023-02-17,791.077
2023-02-16,3895.172
2023-02-15,2995.259
2023-02-14,2417.547
2023-02-13,3195.352
2023-02-12,7155.073
2023-02-11,6051.557
2023-02-10,253.407
2023-02-09,1124.539
2023-02-08,3801.814
2023-02-07,1302.596
2023-02-06,3159.519
2023-02-05,3131.439
2023-02-04,1879.144
2023-02-03,1424.977
2023-02-02,1281.777
2023-02-01,2105.175
2023-01-31,4090.932
2023-01-30,3894.424
2023-01-29,4511.492
2023-01-28,1637.08
2023-01-27,1676.278
2023-01-26,635.975
2023-01-25,1358.629
2023-01-24,206.376
2023-01-23,98.274
2023-01-22,1318.168
2023-01-21,5431.095
2023-01-20,3726.313
2023-01-19,569.289
2023-01-18,1926.213
2023-01-17,2654.108
2023-01-16,1519.741
2023-01-15,4968.466
2023-01-14,6502.512
2023-01-13,3067.562
2023-01-12,812.869
2023-01-11,1167.563
2023-01-10,3387.516
2023-01-09,3328.172
2023-01-08,4725.589
2023-01-07,1024.861
2023-01-06,3437.494
2023-01-05,652.12
2023-01-04,2963.215
2023-01-03,1373.031
2023-01-02,349.576
2023-01-01,2199.238
2022-12-31,12.635
2022-12-30,1666.28
2022-12-29,673.179
2022-12-28,3907.44
2022-12-27,1467.801
2022-12-26,2522.162
2022-12-25,6626.167
2022-12-24,1621.491
2022-12-23,1661.144
2022-12-22,4719.43
2022-12-21,531.764
2022-12-20,0
2022-12-19,2739.227
2022-12-18,645.764
2022-12-17,1345.342
2022-12-16,3839.43
2022-12-15,3530.072
2022-12-14,5420.25
2022-12-13,6074.397
2022-12-12,3092.163
2022-12-11,2831.591
2022-12-10,5378.539
2022-12-09,4110.286
2022-12-08,2000.56
2022-12-07,2027.218
2022-12-06,1968.449
2022-12-05,3819.354
2022-12-04,2147.29
2022-12-03,3234.96
2022-12-02,4323.83
2022-12-01,3576.136
2022-11-30,1498.287
2022-11-29,850.398
2022-11-28,4036.028
2022-11-27,2811.056
2022-11-26,4529.551
2022-11-25,2946.568
2022-11-24,1526.609
2022-11-23,4318.548
2022-11-22,1539.355
2022-11-21,1581.131
2022-11-18,2167.673
2022-11-17,4177.64
2022-11-16,2351.032
2022-11-15,3450.446
2022-11-14,1026.001
2022-11-13,6561.79
2022-11-12,4666.213
2022-11-11,2360.494
2022-11-10,2954.087
2022-11-09,2622.621
2022-11-08,5309.145
2022-11-07,4070.213
2022-11-06,2485.379
2022-11-05,2231.144
2022-11-04,3785.515
2022-11-03,2859.226
2022-11-02,5365.791
2022-11-01,824.907
2022-10-31,5829.581
2022-10-30,341.292
2022-10-29,3412.212
2022-10-28,1987.106
2022-10-27,2460.56
2022-10-26,2859.915
