Date,"Heart rate",Systolic,Diastolic,Comments
"2026-07-26 09:11:39",69,116,75,
"2026-07-06 14:17:00",76,,,
"2026-02-23 09:52:17",69,,,
"2026-01-22 08:27:28",77,,,
"2026-01-19 20:42:40",106,,,
"2026-01-04 06:56:17",71,116,78,
"2026-01-01 17:30:50",88,,,
"2025-12-15 22:23:28",96,,,
"2025-11-28 06:19:58",70,112,73,
"2025-02-17 07:07:03",64,115,77,
"2025-01-05 09:10:00",68,114,81,
"2024-04-04 06:44:53",65,109,73,
"2024-03-03 08:12:13",63,114,76,
"2024-02-18 08:45:38",63,109,74,
"2024-01-31 07:01:47",58,108,72,
"2024-01-12 06:53:52",68,111,73,
"2023-12-31 08:19:08",74,116,75,
"2023-12-26 07:32:54",68,113,75,
"2023-12-19 06:07:05",57,117,80,
"2023-12-07 05:50:29",69,109,79,
"2023-11-30 07:46:05",73,104,73,
"2023-11-22 06:11:30",62,109,75,
"2023-11-15 07:00:33",63,118,78,
"2023-11-07 06:36:50",63,115,79,
"2023-10-23 07:02:39",60,114,75,
"2023-10-09 06:44:45",60,109,73,
"2023-09-27 06:34:53",60,122,76,
"2023-09-23 06:48:06",57,111,75,
"2023-09-14 06:00:30",62,111,76,
"2023-09-05 06:35:34",61,112,81,
"2023-08-29 06:42:43",60,122,75,
"2023-08-23 06:12:26",61,111,77,
"2023-08-14 19:17:06",63,110,77,
"2023-08-14 19:14:15",67,108,76,
"2023-08-14 19:12:02",68,108,76,
