start,duration,value
2026-09-18T17:27:01+02:00,"[59,60,60,60,60,1320,1320]","[0,0,0,0,0,0,0]"
2026-09-18T17:18:01+02:00,"[60,59,60,60,60,60,60,61,59]","[0,0,0,0,0,0,0,0,0]"
2026-09-18T17:15:00+02:00,"[60,60,60]","[0,0,0]"
2026-09-10T16:33:01+02:00,[38359],[0]
2026-09-10T16:18:00+02:00,"[60,60,60,60,60,60,61,59,60,60,60,60,60,60,60]","[0,0,0,0,0,0,0,0,0,0,0,0,0,0,0]"
2026-09-02T19:31:01+02:00,[24259],[0]
2026-09-02T19:24:00+02:00,"[60,60,60,60,60,60,60]","[0,0,0,0,0,0,0]"
2026-09-02T16:24:01+02:00,"[10019,60,60,60,60,60,60,60,60,60,60,60,60,60]","[0,0,0,0,0,0,0,0,0,0,0,0,0,0]"
2026-09-02T16:18:00+02:00,"[60,60,60,60,60,60]","[0,0,0,0,0,0]"
2026-08-09T15:40:01+02:00,[44263],[0]
2026-08-09T15:38:00+02:00,"[60,60]","[0,0]"
2026-08-01T10:03:01+02:00,[55939],[0]
2026-08-01T09:59:01+02:00,"[59,60,60,60]","[0,0,0,0]"
2026-05-29T17:06:01+02:00,[64492],[0]
2026-05-29T14:23:00+02:00,"[60,60,60,60,60,60,60,60,60,60,60,60,60,60,60,60,60,60,60,60,60,60,60,60,60,60,60,60,60,60,60,60,60,60,60,60,60,60,60,60,60,60,60,60,60,60,60,60,60,61,59,60,60,60,60,60,60,60,60,60,60,60,61,59,60,60,60,60,60,60,60,4680,60,60,60,60,60,60,60,60,60,60,60,60,60,60]","[0,0,0,0,0,0,0,0,0,0,0,0,0,0,0,0,0,0,0,0,0,0,0,0,0,0,0,0,0,0,0,0,0,0,0,0,0,0,0,0,0,0,0,0,0,0,0,0,0,0,0,0,0,0,0,0,0,0,0,0,0,0,0,0,0,0,0,0,0,0,0,0,0,0,0,0,0,0,0,0,0,0,0,0,0,0]"
2026-04-20T06:10:02+02:00,[56842],[0]
2026-04-20T06:04:01+02:00,"[59,61,59,60,60,61]","[0,0,0,0,0,0]"
2026-04-20T04:57:00+02:00,"[60,60,60,60,60,60,60,60,60,60,60,60,60,60,60,60,60,60,60,60,60,60,60,60,60,60,60,60,60,60,60,60,60,60,60,60,60,60,60,60,60,60,60,60,60,60,60,60,60,60,60,60,61,59,60,60,60,60,60,60,60,60,60,60,60,60,60]","[0,0,0,0,0,0,0,0,0,0,0,0,0,0,0,0,0,0,0,0,0,0,0,0,0,0,0,0,0,0,0,0,0,0,0,0,0,0,0,0,0,0,0,0,0,0,0,0,0,0,0,0,0,0,0,0,0,0,0,0,0,0,0,0,0,0,0]"
2026-04-11T19:54:01+02:00,[2883],[0]
2026-04-11T17:59:01+02:00,"[59,60,60,60,60,61,59,60,60,60,60,60,60,60,60,60,60,60,60,60,60,60,60,60,60,60,60,60,60,60,60,60,60,60,60,60,60,60,60,60,60,60,60,60,60,60,60,60,60,60,60,60,60,60,60,61,59,60,60,60,60,60,60,60,60,60,60,60,60,60,60,61,59,60,60,60,60,60,60,60,60,60,60,60,60,60,60,60,60,60,60,60,60,60,60,60,60,60,60,60,60,60,60,60,60,60,60,60,60,60,61,59,60,60,60]","[0,0,0,0,0,0,0,0,0,0,0,0,0,0,0,0,0,0,0,0,0,0,0,0,0,0,0,0,0,0,0,0,0,0,0,0,0,0,0,0,0,0,0,0,0,0,0,0,0,0,0,0,0,0,0,0,0,0,0,0,0,0,0,0,0,0,0,0,0,0,0,0,0,0,0,0,0,0,0,0,0,0,0,0,0,0,0,0,0,0,0,0,0,0,0,0,0,0,0,0,0,0,0,0,0,0,0,0,0,0,0,0,0,0,0]"
2026-04-11T16:20:00+02:00,"[60,60,60,60,61,59,60,60,60,60,60,60,60,60,60,60,60,60,60,60,60,60,60,60,61,59,60,60,60,60,60,60,60,60,60,60,60,60,60,60,60,60,60,60,60,60,60,60,61,59,60,60,60,60,60,60,60,60,60,60,60,60,60,60,60,60,60,60,60,60,60,60,60,60,60,60,60,60,60,60,60,60,60,60,60,60,60,60,60,60,60,60,60,60,60,60,60,60,60]","[0,0,0,0,0,0,0,0,0,0,0,0,0,0,0,0,0,0,0,0,0,0,0,0,0,0,0,0,0,0,0,0,0,0,0,0,0,0,0,0,0,0,0,0,0,0,0,0,0,0,0,0,0,0,0,0,0,0,0,0,0,0,0,0,0,0,0,0,0,0,0,0,0,0,0,0,0,0,0,0,0,0,0,0,0,0,0,0,0,0,0,0,0,0,0,0,0,0,0]"
2026-04-03T10:47:01+02:00,[55819],[0]
2026-04-03T09:54:00+02:00,"[61,59,60,60,60,60,60,60,60,60,60,60,60,60,60,61,59,60,60,60,60,60,60,60,60,60,60,60,60,60,60,60,60,60,60,60,60,60,60,60,60,60,60,60,60,61,59,60,60,60,60,60,60]","[0,0,0,0,0,0,0,0,0,0,0,0,0,0,0,0,0,0,0,0,0,0,0,0,0,0,0,0,0,0,0,0,0,0,0,0,0,0,0,0,0,0,0,0,0,0,0,0,0,0,0,0,0]"
2026-03-26T18:29:01+01:00,[1339],[0]
2026-03-26T17:39:00+01:00,"[60,60,60,60,60,60,60,60,60,60,60,60,60,60,60,60,60,60,60,60,60,60,60,60,60,61,59,60,60,60,60,60,60,60,60,60,60,60,60,60,60,60,60,60,60,60,60,60,60,60]","[0,0,0,0,0,0,0,0,0,0,0,0,0,0,0,0,0,0,0,0,0,0,0,0,0,0,0,0,0,0,0,0,0,0,0,0,0,0,0,0,0,0,0,0,0,0,0,0,0,0]"
2026-03-18T16:23:01+01:00,[40399],[0]
2026-03-18T16:01:01+01:00,[1319],[0]
2026-03-18T13:09:00+01:00,"[61,59,60,60,60,60,60,60,60,60,60,60,60,60,60,60,60,60,3300,60,60,60,60,60,60,60,61,59,60,60,60,60,60,60,60,60,60,60,60,60,60,60,60,60,60,60,60,60,60,60,60,60,60,60,60,1920,60,60,60,60,60,60,60,60,60,1320]","[0,0,0,0,0,0,0,0,0,0,0,0,0,0,0,0,0,0,0,0,0,0,0,0,0,0,0,0,0,0,0,0,0,0,0,0,0,0,0,0,0,0,0,0,0,0,0,0,0,0,0,0,0,0,0,0,0,0,0,0,0,0,0,0,0,0]"
2026-03-10T19:34:01+01:00,[12739],[0]
2026-03-10T18:44:01+01:00,"[59,60,60,60,60,60,60,60,60,60,60,60,60,60,60,61,59,60,60,60,60,60,60,60,60,60,60,60,60,60,60,60,60,60,60,60,60,60,60,60,60,60,60,60,60,60,60,60,60,60]","[0,0,0,0,0,0,0,0,0,0,0,0,0,0,0,0,0,0,0,0,0,0,0,0,0,0,0,0,0,0,0,0,0,0,0,0,0,0,0,0,0,0,0,0,0,0,0,0,0,0]"
2026-03-10T18:34:01+01:00,"[59,60,60,60,60,60,60,60,60,60]","[0,0,0,0,0,0,0,0,0,0]"
2026-03-10T18:14:01+01:00,"[59,60,60,60,60,60,60,60,60,60,60,60,60,60,60,60,60,60,60,60]","[0,0,0,0,0,0,0,0,0,0,0,0,0,0,0,0,0,0,0,0]"
2026-03-10T18:04:01+01:00,"[59,60,60,60,60,60,60,60,60,60]","[0,0,0,0,0,0,0,0,0,0]"
2026-03-10T17:34:01+01:00,"[59,60,60,60,60,60,60,60,60,60,60,60,60,60,60,60,60,60,60,60,60,60,60,60,60,60,60,60,60,60]","[0,0,0,0,0,0,0,0,0,0,0,0,0,0,0,0,0,0,0,0,0,0,0,0,0,0,0,0,0,0]"
2026-03-10T17:33:01+01:00,[59],[0]
2026-03-10T17:14:01+01:00,"[59,60,60,60,60,60,60,60,60,60,61,59,60,60,60,60,60,60,60]","[0,0,0,0,0,0,0,0,0,0,0,0,0,0,0,0,0,0,0]"
2026-03-10T16:49:00+01:00,"[60,60,60,60,60,60,60,61,59,60,60,60,60,60,60,60,60,60,60,60,60,60,60,60,60]","[0,0,0,0,0,0,0,0,0,0,0,0,0,0,0,0,0,0,0,0,0,0,0,0,0]"
2026-02-22T10:02:01+01:00,[30563],[0]
2026-02-22T09:55:02+01:00,"[58,60,60,60,60,60,60]","[0,0,0,0,0,0,0]"
2026-02-22T09:15:01+01:00,"[59,60,60,60,60,60,60,60,60,60,60,60,60,60,60,60,60,60,60,60,60,60,60,60,61,59,60,60,60,60,60,60,60,60,60,60,60,60,60,61]","[0,0,0,0,0,0,0,0,0,0,0,0,0,0,0,0,0,0,0,0,0,0,0,0,0,0,0,0,0,0,0,0,0,0,0,0,0,0,0,0]"
2026-02-22T09:10:00+01:00,"[60,60,60,60,60]","[0,0,0,0,0]"
2026-01-22T16:13:00+01:00,[31580],[0]
2025-12-15T17:47:01+01:00,"[59,60,60,60,60,60,60,60,60,60,60,60,60,60,60,60,60,60,60,60,60,60,60,60,60,60,60,60,60,60,60,60,60,60,60,60,60,60,60,60,60,60,60,60,60,60,60,60,60,60,60,60,60,60,60,60,60,60,60,60,60,60,60,60]","[0,0,0,0,0,0,0,0,0,0,0,0,0,0,0,0,0,0,0,0,0,0,0,0,0,0,0,0,0,0,0,0,0,0,0,0,0,0,0,0,0,0,0,0,0,0,0,0,0,0,0,0,0,0,0,0,0,0,0,0,0,0,0,0]"
2025-12-15T17:07:01+01:00,"[59,60,60,60,60,60,60,60,60,60,60,60,60,61,59,60,60,60,60,60,60,60,60,60,60,60,60,60,60,60,60,60,60,61,59,60,60,60,60,60]","[0,0,0,0,0,0,0,0,0,0,0,0,0,0,0,0,0,0,0,0,0,0,0,0,0,0,0,0,0,0,0,0,0,0,0,0,0,0,0,0]"
2025-12-15T16:57:01+01:00,"[59,60,60,60,60,60,60,60,60,60]","[0,0,0,0,0,0,0,0,0,0]"
2025-12-15T16:27:01+01:00,"[59,60,60,60,60,60,60,60,60,60,60,60,61,59,60,60,60,60,60,60,60,60,60,60,60,60,60,60,60,60]","[0,0,0,0,0,0,0,0,0,0,0,0,0,0,0,0,0,0,0,0,0,0,0,0,0,0,0,0,0,0]"
2025-12-15T16:22:00+01:00,"[60,61,59,60,60]","[0,0,0,0,0]"
