date,"value (°C)"
"2026-05-08 07:12:15",35.7
"2026-05-02 14:13:58",36.2
"2026-05-01 10:17:21",35.6
"2026-05-01 10:17:06",35.3
"2025-11-05 08:00:08",36.0
"2025-11-04 10:23:45",36.2
"2025-11-03 15:03:43",36.9
"2025-11-03 12:27:43",36.9
"2025-11-03 12:02:26",37.3
"2025-11-03 10:28:57",37.8
"2025-11-03 09:48:52",37.0
"2025-02-24 08:40:21",36.7
"2025-02-22 18:07:16",37.1
"2025-02-22 16:17:43",37.0
"2025-02-20 19:19:24",37.2
"2024-12-06 08:52:26",35.9
"2024-12-06 07:44:18",36.9
"2024-12-05 19:44:22",36.8
"2024-12-05 13:46:35",36.9
"2024-08-02 14:58:44",36.2
"2024-06-28 23:38:32",36.4
"2024-06-23 12:10:02",36.5
"2024-06-22 16:40:03",37.5
"2024-06-22 12:29:11",37.3
"2024-06-21 20:35:18",36.9
"2024-06-21 15:30:07",36.4
"2024-06-21 10:53:54",36.3
"2024-02-28 14:19:40",36.7
"2023-11-22 06:21:17",36.4
"2023-08-27 11:25:56",36.6
"2023-07-04 16:59:27",36.1
"2023-07-04 16:49:34",35.6
"2023-07-04 16:48:41",35.8
