date,property,value
1692011714,chatbot_opened_conversations__data_insights_articles,1
1692011714,chatbot_opened_conversations__data_insights_articles_healthy_fatmass,1
1668988233,chatbot_opened_conversations__data_insights_day6,1
1693834888,chatbot_opened_conversations__data_insights_decreased_weekly_steps_1kday,1
1693834826,chatbot_opened_conversations__data_insights_fatmass_decreasing,1
1688559552,chatbot_opened_conversations__data_insights_increased_fatmass,1
1670463445,chatbot_opened_conversations__data_insights_low_sleepduration,1
1679124975,chatbot_opened_conversations__data_insights_multimetrics,1
1691321372,chatbot_opened_conversations__data_insights_multimetrics,1
1679124975,chatbot_opened_conversations__data_insights_multimetrics_wr_evolution_lower_activity_and_sleepscore,1
1691321372,chatbot_opened_conversations__data_insights_multimetrics_wr_evolution_lower_activity_and_sleepscore,1
1670463445,chatbot_opened_conversations__data_insights_sleep,1
1693834888,chatbot_opened_conversations__data_insights_steps_insight,1
1694639430,chatbot_opened_conversations__data_insights_weight,1
1688559552,chatbot_opened_conversations__data_insights_weight_insight,1
1693834826,chatbot_opened_conversations__data_insights_weight_insight,1
1694639429,chatbot_opened_conversations__data_insights_weight_stable_fatmass_increasing,1
1668988335,chatbot_read_conversations__data_insights_day6,1
1670463521,chatbot_read_conversations__data_insights_low_sleepduration,1
1679125051,chatbot_read_conversations__data_insights_multimetrics,1
1691321429,chatbot_read_conversations__data_insights_multimetrics,1
1679125051,chatbot_read_conversations__data_insights_multimetrics_wr_evolution_lower_activity_and_sleepscore,1
1691321429,chatbot_read_conversations__data_insights_multimetrics_wr_evolution_lower_activity_and_sleepscore,1
1670463521,chatbot_read_conversations__data_insights_sleep,1
1694639470,chatbot_read_conversations__data_insights_weight,1
1694639483,chatbot_read_conversations__data_insights_weight,1
1694639490,chatbot_read_conversations__data_insights_weight,1
1694639470,chatbot_read_conversations__data_insights_weight_stable_fatmass_increasing,1
1694639483,chatbot_read_conversations__data_insights_weight_stable_fatmass_increasing,1
1694639490,chatbot_read_conversations__data_insights_weight_stable_fatmass_increasing,1
