Date,"Weight (kg)","Fat mass (kg)","Bone mass (kg)","Muscle mass (kg)","Hydration (kg)",Comments
"2026-09-26 07:16:13",79.17,21.28,2.93,54.95,40.66,
"2026-09-25 07:36:27",79.38,21.73,2.92,54.72,40.58,
"2026-09-23 07:03:01",78.96,21.14,2.92,54.88,40.59,
"2026-09-22 06:42:08",79.78,21.38,2.95,55.45,41.03,
"2026-09-20 08:48:55",78.94,20.78,2.93,55.21,40.76,
"2026-09-19 07:20:37",79.63,21.99,2.92,54.70,40.61,
"2026-09-18 07:19:13",79.11,21.19,2.93,54.98,40.67,
"2026-09-17 07:28:05",79.46,21.32,2.94,55.19,40.84,
"2026-09-13 07:21:45",79.47,21.76,2.92,54.77,40.62,
"2026-09-09 07:15:18",78.70,20.88,2.92,54.89,40.55,
"2026-09-07 06:35:23",78.69,20.83,2.92,54.93,40.57,
"2026-09-05 07:08:12",79.22,20.64,2.95,55.62,41.04,
"2026-09-01 06:38:55",78.43,21.14,2.90,54.37,40.22,
"2026-08-31 06:18:15",77.50,21.37,2.86,53.24,39.47,
"2026-08-30 07:19:55",77.45,20.57,2.88,53.98,39.84,
"2026-08-24 04:12:23",78.34,20.30,2.93,55.09,40.61,
"2026-08-23 07:12:03",78.67,20.00,2.95,55.71,41.02,
"2026-08-22 07:37:21",78.02,20.32,2.91,54.77,40.37,
"2026-08-21 06:35:23",77.78,20.20,2.91,54.65,40.27,
"2026-08-19 07:48:50",77.45,20.16,2.90,54.37,40.06,
"2026-08-16 07:50:44",78.34,20.10,2.93,55.29,40.72,
"2026-08-15 07:08:11",78.55,20.90,2.92,54.71,40.43,
"2026-08-15 06:13:16",78.88,20.55,2.94,55.37,40.85,
"2026-08-13 07:14:54",77.82,20.52,2.90,54.38,40.13,
"2026-08-12 07:26:34",78.07,19.91,2.93,55.21,40.64,
"2026-08-09 07:00:50",77.51,20.18,2.90,54.42,40.10,
"2026-08-08 07:59:59",77.52,20.26,2.90,54.35,40.06,
"2026-08-03 06:11:33",78.12,20.82,2.90,54.38,40.18,
"2026-08-02 08:32:18",78.24,20.22,2.93,55.08,40.58,
"2026-07-31 07:22:04",77.59,19.96,2.91,54.71,40.27,
"2026-07-30 07:35:36",77.74,19.92,2.92,54.88,40.40,
"2026-07-26 09:27:55",77.11,19.63,2.90,54.56,40.11,
"2026-07-24 07:36:08",77.17,20.16,2.89,54.11,39.87,
"2026-07-23 07:26:42",77.02,19.91,2.89,54.20,39.90,
"2026-07-20 06:16:48",77.62,20.50,2.89,54.21,40.01,
"2026-07-11 07:56:17",77.50,,,,,
"2026-07-08 07:35:01",77.24,19.66,2.91,54.66,40.20,
"2026-07-06 07:31:30",77.29,19.62,2.91,54.75,40.26,
"2026-07-01 06:37:55",76.40,19.26,2.89,54.24,39.82,
"2026-06-29 06:27:59",76.38,19.51,2.88,53.97,39.67,
"2026-06-26 07:38:39",77.07,19.47,2.90,54.68,40.18,
"2026-06-25 17:54:07",77.00,,,,,
"2026-06-22 06:05:11",77.08,19.40,2.91,54.75,40.23,
"2026-06-20 07:13:43",76.88,19.71,2.89,54.27,39.92,
"2026-06-16 06:29:46",77.50,19.67,2.91,54.90,40.37,
"2026-06-11 07:44:48",77.22,18.76,2.93,55.51,40.72,
"2026-06-09 06:59:11",77.08,19.67,2.90,54.50,40.08,
"2026-06-08 06:58:36",76.94,19.83,2.89,54.21,39.90,
"2026-06-04 07:05:46",77.10,19.92,2.89,54.27,39.96,
"2026-05-30 07:42:08",76.58,19.71,2.88,53.97,39.71,
"2026-05-25 07:22:00",75.89,19.05,2.87,53.95,39.59,
"2026-05-21 07:24:49",77.07,19.74,2.90,54.42,40.04,
"2026-05-17 09:18:03",76.22,20.12,2.85,53.23,39.24,
"2026-05-14 07:09:57",76.82,19.84,2.88,54.08,39.81,
"2026-05-08 06:48:00",76.52,19.69,2.88,53.94,39.68,
"2026-05-01 06:43:27",76.24,19.04,2.89,54.31,39.85,
"2026-04-27 07:07:29",75.28,19.04,2.85,53.38,39.16,
"2026-04-20 06:47:53",75.05,18.59,2.86,53.59,39.25,
"2026-04-15 06:38:09",75.03,17.96,2.88,54.18,39.61,
"2026-04-05 07:04:12",73.97,18.14,2.83,52.99,38.73,
"2026-03-22 07:24:24",73.79,17.84,2.83,53.10,38.78,
"2026-03-19 07:11:36",74.08,18.29,2.83,52.95,38.73,
"2026-03-15 07:11:38",74.60,17.82,2.86,53.90,39.38,
"2026-03-14 06:56:36",74.05,18.02,2.84,53.18,38.86,
"2026-03-07 08:13:48",74.31,18.34,2.84,53.11,38.86,
"2026-03-06 07:47:50",73.99,17.76,2.84,53.37,38.97,
"2026-03-02 07:24:03",73.90,17.21,2.86,53.81,39.24,
"2026-03-01 07:55:45",73.71,17.03,2.86,53.81,39.22,
"2026-02-26 05:52:18",73.27,17.89,2.81,52.55,38.37,
"2026-02-23 06:40:29",74.14,17.74,2.85,53.53,39.09,
"2026-02-22 06:37:47",74.62,17.97,2.86,53.78,39.31,
"2026-02-20 05:41:47",74.62,18.28,2.85,53.47,39.13,
"2026-02-19 06:54:27",74.79,18.18,2.86,53.74,39.31,
"2026-02-17 05:27:03",75.32,18.04,2.88,54.38,39.78,
"2026-02-15 07:14:08",74.95,18.49,2.86,53.59,39.25,
"2026-02-14 07:37:47",74.87,18.74,2.85,53.27,39.04,
"2026-02-13 07:38:37",74.70,18.63,2.84,53.21,38.98,
"2026-02-12 07:02:25",74.30,18.43,2.83,53.02,38.81,
"2026-02-11 07:43:15",75.14,17.82,2.88,54.42,39.78,
"2026-02-09 06:20:48",74.95,18.10,2.87,53.97,39.48,
"2026-02-06 07:05:14",74.89,17.93,2.87,54.06,39.53,
"2026-02-05 07:27:02",74.83,18.85,2.84,53.13,38.96,
"2026-02-03 08:25:54",75.10,18.58,2.86,53.65,39.30,
"2026-02-02 06:16:43",75.07,19.45,2.83,52.77,38.80,
"2026-02-01 07:59:01",75.59,18.62,2.88,54.08,39.63,
"2026-01-31 06:47:26",75.76,19.13,2.87,53.74,39.46,
"2026-01-29 07:00:01",75.45,19.38,2.85,53.20,39.10,
"2026-01-27 06:38:35",75.68,19.40,2.86,53.41,39.26,
"2026-01-26 07:19:18",75.36,19.63,2.84,52.87,38.91,
"2026-01-25 06:54:27",76.16,19.82,2.86,53.47,39.37,
"2026-01-24 06:06:24",76.63,19.46,2.89,54.27,39.90,
"2026-01-23 06:34:59",76.38,19.21,2.89,54.27,39.86,
"2026-01-21 06:11:38",76.56,18.93,2.90,54.71,40.14,
"2026-01-20 06:30:41",76.26,19.06,2.89,54.30,39.86,
"2026-01-16 06:13:31",76.19,19.00,2.89,54.29,39.84,
"2026-01-15 06:47:41",75.68,19.31,2.86,53.49,39.31,
"2026-01-14 05:28:16",75.84,18.97,2.87,53.98,39.61,
"2026-01-13 06:58:46",75.61,19.74,2.84,53.02,39.03,
"2026-01-09 06:22:06",77.13,19.83,2.90,54.39,40.05,
"2026-01-08 06:59:14",76.49,19.18,2.89,54.41,39.96,
"2026-01-04 07:01:01",75.71,18.45,2.89,54.35,39.82,
"2025-12-25 08:07:10",76.38,,,,,
"2025-12-21 06:48:59",75.35,18.45,2.87,54.01,39.56,
"2025-12-19 08:02:09",75.96,17.99,2.91,55.05,40.29,
"2025-12-18 06:36:33",75.60,18.22,2.89,54.48,39.88,
"2025-12-16 07:08:58",75.11,18.29,2.87,53.94,39.48,
"2025-12-13 07:13:11",74.95,19.36,2.83,52.74,38.77,
"2025-12-12 07:00:14",75.77,18.83,2.88,54.05,39.65,
"2025-12-10 05:36:21",75.80,18.74,2.88,54.16,39.72,
"2025-12-04 07:05:25",75.50,19.30,2.85,53.33,39.19,
"2025-12-02 05:30:39",76.27,18.94,2.89,54.42,39.94,
"2025-12-01 06:09:27",75.72,19.23,2.86,53.61,39.39,
"2025-11-30 06:36:18",76.51,18.64,2.91,54.94,40.29,
"2025-11-28 06:13:35",75.39,19.13,2.85,53.39,39.21,
"2025-11-23 06:12:56",76.29,18.69,2.90,54.68,40.10,
"2025-11-21 05:36:23",76.72,18.66,2.92,55.13,40.43,
"2025-11-20 06:02:58",76.84,19.58,2.89,54.36,39.99,
"2025-11-19 05:58:25",76.03,19.34,2.87,53.80,39.54,
"2025-11-16 07:13:26",76.31,19.59,2.87,53.84,39.61,
"2025-11-15 07:21:59",76.03,,,,,
"2025-11-14 06:26:04",76.31,19.39,2.88,54.02,39.71,
"2025-11-13 05:23:58",76.26,19.24,2.88,54.12,39.76,
"2025-11-12 06:30:31",76.46,19.33,2.89,54.23,39.86,
"2025-11-11 06:20:58",76.60,19.45,2.89,54.25,39.89,
"2025-11-08 07:16:53",74.70,19.98,2.81,51.90,38.29,
"2025-11-07 07:06:15",74.85,19.23,2.83,52.77,38.78,
"2025-11-06 07:12:57",75.72,19.74,2.85,53.12,39.12,
"2025-11-02 07:08:40",78.27,20.96,2.90,54.39,40.25,
"2025-11-01 07:33:16",77.99,20.50,2.91,54.56,40.29,
"2025-10-31 06:13:13",78.04,20.43,2.91,54.68,40.37,
"2025-10-29 06:40:57",78.07,,,,,
"2025-10-27 05:54:18",79.04,20.95,2.93,55.14,40.79,
"2025-10-26 06:37:22",78.33,20.18,2.93,55.20,40.71,
"2025-10-24 06:08:55",77.99,20.42,2.91,54.64,40.34,
"2025-10-21 05:47:56",78.59,21.32,2.91,54.35,40.28,
"2025-10-20 06:29:32",78.07,20.78,2.90,54.37,40.20,
"2025-10-19 06:36:42",78.72,20.29,2.94,55.47,40.92,
"2025-10-18 05:42:15",78.68,20.64,2.93,55.09,40.70,
"2025-10-16 06:27:54",78.99,20.91,2.93,55.14,40.77,
"2025-10-15 07:34:13",78.61,20.54,2.93,55.12,40.70,
"2025-10-14 06:38:46",78.88,21.15,2.92,54.79,40.57,
"2025-10-12 06:40:20",78.83,21.96,2.90,53.96,40.13,
"2025-10-11 07:21:28",78.69,21.91,2.89,53.87,40.06,
"2025-10-10 07:10:22",78.82,21.23,2.92,54.66,40.49,
"2025-10-07 05:24:15",79.04,20.82,2.94,55.27,40.85,
"2025-10-06 05:13:23",78.58,20.93,2.92,54.71,40.47,
"2025-10-05 07:16:11",78.97,21.44,2.92,54.59,40.48,
"2025-10-04 06:07:37",78.59,21.41,2.90,54.27,40.24,
"2025-10-03 06:49:55",78.74,21.88,2.89,53.95,40.11,
"2025-10-02 07:29:49",78.79,21.19,2.92,54.67,40.49,
"2025-09-30 06:31:32",78.68,21.26,2.91,54.49,40.38,
"2025-09-29 08:54:19",78.45,21.10,2.91,54.42,40.30,
"2025-09-28 09:33:58",78.67,20.80,2.92,54.94,40.62,
"2025-09-27 06:05:20",78.84,20.85,2.93,55.04,40.70,
"2025-09-26 06:40:42",78.67,20.80,2.92,54.94,40.62,
"2025-09-25 06:15:17",79.13,21.10,2.93,55.08,40.77,
"2025-09-24 06:36:06",78.97,20.92,2.93,55.10,40.76,
"2025-09-21 07:22:59",78.21,21.64,2.88,53.67,39.88,
"2025-09-18 06:21:54",79.10,20.95,2.94,55.20,40.83,
"2025-09-17 06:30:29",79.44,20.63,2.96,55.83,41.24,
"2025-09-15 06:08:33",78.15,20.72,2.91,54.51,40.30,
"2025-09-12 07:21:41",78.18,20.62,2.91,54.63,40.37,
"2025-09-11 06:37:33",78.56,21.24,2.91,54.39,40.31,
"2025-09-10 05:27:48",78.51,20.90,2.91,54.67,40.45,
"2025-09-09 06:11:17",78.99,21.49,2.91,54.56,40.47,
"2025-09-07 08:05:42",78.38,21.42,2.89,54.05,40.10,
"2025-09-06 07:04:30",78.77,20.79,2.93,55.03,40.68,
"2025-09-05 07:38:37",78.11,20.39,2.92,54.78,40.44,
"2025-09-02 06:44:29",78.32,20.50,2.92,54.89,40.54,
"2025-09-01 06:07:29",78.70,21.33,2.91,54.45,40.36,
"2025-08-31 08:02:25",78.48,21.42,2.90,54.14,40.16,
"2025-08-29 06:35:15",78.88,21.19,2.92,54.76,40.56,
"2025-08-28 05:56:21",78.42,21.16,2.90,54.34,40.25,
"2025-08-27 06:40:21",78.07,20.47,2.91,54.67,40.37,
"2025-08-25 06:55:10",77.78,21.12,2.88,53.76,39.84,
"2025-08-24 07:57:34",77.85,20.90,2.89,54.05,40.00,
"2025-08-23 07:37:59",77.68,21.43,2.87,53.36,39.62,
"2025-08-22 06:33:26",78.17,20.85,2.90,54.40,40.25,
"2025-08-21 06:17:40",78.19,20.74,2.91,54.52,40.32,
"2025-08-20 06:41:39",78.73,19.57,2.97,56.18,41.35,
"2025-08-19 06:05:31",78.84,20.55,2.94,55.34,40.87,
"2025-08-18 06:07:40",78.52,20.99,2.91,54.60,40.42,
"2025-08-17 08:04:32",79.12,20.74,2.94,55.42,40.96,
"2025-08-15 06:35:16",78.46,20.82,2.92,54.72,40.47,
"2025-08-14 06:02:45",78.18,20.95,2.90,54.32,40.21,
"2025-08-13 06:57:01",78.44,20.55,2.92,54.96,40.60,
"2025-08-12 06:13:37",78.74,20.51,2.94,55.28,40.83,
"2025-08-11 07:43:56",78.94,21.06,2.93,54.94,40.67,
"2025-08-10 06:59:18",78.67,20.70,2.93,55.03,40.67,
"2025-08-09 07:43:53",77.84,20.24,2.91,54.68,40.34,
"2025-08-08 07:17:32",78.70,20.73,2.93,55.03,40.68,
"2025-08-07 06:40:24",78.57,20.82,2.92,54.81,40.54,
"2025-08-05 06:35:35",78.20,21.16,2.90,54.12,40.11,
"2025-08-03 07:42:59",78.48,,,,,
"2025-08-02 08:13:16",78.82,21.04,2.92,54.84,40.60,
"2025-08-01 06:59:56",79.06,,,,,
"2025-07-29 06:18:07",78.36,,,,,
"2025-07-27 08:20:29",78.46,21.10,2.91,54.43,40.32,
"2025-07-26 08:08:20",78.15,21.66,2.88,53.60,39.83,
"2025-07-25 06:33:48",79.00,21.62,2.91,54.45,40.42,
"2025-07-24 07:27:26",78.22,21.43,2.89,53.89,39.99,
"2025-07-23 05:19:55",78.73,21.17,2.92,54.63,40.47,
"2025-07-20 06:24:37",77.99,21.42,2.88,53.67,39.84,
"2025-07-19 09:15:28",79.72,21.29,2.95,55.47,41.09,
"2025-07-17 07:25:02",78.48,21.11,2.91,54.45,40.33,
"2025-07-15 07:13:49",78.00,21.71,2.87,53.40,39.71,
"2025-07-14 07:29:01",78.31,21.21,2.90,54.18,40.16,
"2025-07-10 06:41:26",77.85,20.92,2.89,54.02,39.99,
"2025-07-08 06:22:00",78.30,20.82,2.91,54.55,40.35,
"2025-07-05 08:06:51",78.66,21.44,2.90,54.30,40.29,
"2025-07-04 06:36:22",78.51,21.22,2.91,54.37,40.29,
"2025-07-03 06:07:48",78.54,20.53,2.93,55.06,40.67,
"2025-07-01 06:38:03",78.05,20.66,2.91,54.48,40.27,
"2025-06-30 07:21:16",77.11,21.50,2.85,52.75,39.21,
"2025-06-27 06:56:20",79.08,21.73,2.91,54.43,40.43,
"2025-06-25 07:49:58",79.02,21.29,2.92,54.79,40.61,
"2025-06-23 08:13:34",78.59,20.79,2.92,54.86,40.57,
"2025-06-19 06:43:28",78.29,20.86,2.91,54.50,40.33,
"2025-06-17 07:42:07",78.44,20.53,2.92,54.97,40.60,
"2025-06-16 06:36:58",78.22,21.34,2.89,53.98,40.04,
"2025-06-14 09:03:14",78.70,21.46,2.91,54.32,40.31,
"2025-06-13 07:48:41",77.61,21.15,2.88,53.57,39.72,
"2025-06-12 07:47:08",77.63,21.85,2.86,52.91,39.40,
"2025-06-11 08:10:43",77.39,21.95,2.85,52.58,39.20,
"2025-06-10 07:39:45",78.14,21.21,2.89,54.02,40.05,
"2025-06-09 06:53:58",78.07,21.35,2.89,53.81,39.93,
"2025-06-08 08:30:45",78.20,21.10,2.90,54.18,40.15,
"2025-06-07 07:53:54",78.43,20.64,2.92,54.85,40.55,
"2025-06-06 07:04:27",78.99,20.91,2.93,55.13,40.79,
"2025-06-05 06:45:58",78.48,20.85,2.92,54.70,40.47,
"2025-06-04 06:06:20",78.39,21.10,2.90,54.36,40.28,
"2025-06-01 08:55:29",78.89,21.21,2.92,54.75,40.57,
"2025-05-31 08:55:24",79.59,21.08,2.95,55.55,41.12,
"2025-05-27 06:36:44",78.77,21.91,2.90,53.95,40.14,
"2025-05-23 06:19:42",78.53,,,,,
"2025-05-22 05:04:33",78.40,20.16,2.93,55.29,40.79,
"2025-05-21 06:54:11",78.46,20.67,2.92,54.86,40.55,
"2025-05-19 06:27:49",78.58,21.15,2.91,54.51,40.39,
"2025-05-16 07:25:52",78.20,21.98,2.87,53.34,39.73,
"2025-05-15 07:37:20",78.37,,,,,
"2025-05-13 07:35:45",78.97,20.51,2.95,55.50,40.99,
"2025-05-11 07:13:06",78.55,,,,,
"2025-05-05 07:40:22",78.16,22.00,2.87,53.27,39.69,
"2025-05-03 08:58:53",78.93,21.57,2.91,54.43,40.41,
"2025-04-30 07:02:24",78.87,,,,,
"2025-04-29 07:00:26",78.91,21.08,2.92,54.88,40.65,
"2025-04-28 06:02:54",78.60,21.57,2.90,54.11,40.19,
"2025-04-27 06:44:38",78.95,20.95,2.93,55.05,40.75,
"2025-04-24 07:05:58",78.06,20.68,2.91,54.46,40.27,
"2025-04-22 07:29:57",77.23,20.88,2.87,53.47,39.60,
"2025-04-20 08:52:58",78.36,21.53,2.89,53.93,40.05,
"2025-04-19 08:23:20",77.46,21.09,2.87,53.49,39.66,
"2025-04-17 07:24:01",78.15,20.92,2.90,54.31,40.21,
"2025-04-16 05:52:25",77.68,20.84,2.89,53.94,39.93,
"2025-04-15 07:33:37",78.10,20.47,2.91,54.70,40.41,
"2025-04-14 07:32:12",77.59,20.32,2.90,54.36,40.14,
"2025-04-11 07:17:38",77.36,,,,,
"2025-04-05 06:39:57",77.99,20.70,2.90,54.37,40.21,
"2025-04-02 06:57:34",78.12,20.73,2.91,54.47,40.30,
"2025-03-30 07:51:14",77.58,,,,,
"2025-03-28 07:15:57",77.76,,,,,
"2025-03-27 07:30:01",77.99,21.31,2.88,53.78,39.91,
"2025-03-25 07:13:36",78.50,20.93,2.91,54.64,40.45,
"2025-03-24 07:25:39",78.08,21.22,2.89,53.95,40.01,
"2025-03-22 07:47:23",77.99,20.77,2.90,54.30,40.18,
"2025-03-21 06:32:52",77.41,21.11,2.87,53.42,39.62,
"2025-03-20 06:58:50",77.84,21.34,2.88,53.61,39.80,
"2025-03-18 07:02:37",78.59,20.51,2.93,55.14,40.74,
"2025-03-17 07:12:44",77.75,21.10,2.88,53.76,39.86,
"2025-03-12 07:33:50",78.62,20.70,2.93,54.98,40.66,
"2025-03-11 07:20:01",79.02,20.49,2.95,55.57,41.05,
"2025-03-08 08:02:32",78.65,,,,,
"2025-03-07 07:17:53",78.33,21.16,2.90,54.26,40.22,
"2025-03-04 07:16:30",78.70,21.27,2.91,54.50,40.41,
"2025-03-03 07:31:41",78.19,21.28,2.89,54.00,40.06,
"2025-03-02 07:48:29",78.24,21.50,2.89,53.84,39.99,
"2025-02-25 06:57:59",78.83,22.02,2.89,53.90,40.14,
"2025-02-20 07:39:35",77.99,21.33,2.88,53.75,39.90,
"2025-02-17 07:01:04",78.37,21.27,2.90,54.19,40.20,
"2025-02-14 07:32:14",78.43,21.40,2.90,54.11,40.17,
"2025-02-08 09:46:29",78.65,21.56,2.90,54.18,40.24,
"2025-02-06 07:21:10",78.92,,,,,
"2025-01-31 07:51:25",78.70,,,,,
"2025-01-27 08:24:57",78.69,,,,,
"2025-01-26 09:08:23",79.23,21.39,2.93,54.90,40.72,
"2025-01-22 07:41:04",78.75,20.59,2.93,55.21,40.81,
"2025-01-21 05:58:57",78.87,21.04,2.93,54.90,40.66,
"2025-01-18 07:27:12",78.53,21.48,2.90,54.13,40.20,
"2025-01-17 07:49:00",78.52,21.27,2.91,54.34,40.31,
"2025-01-15 07:10:25",78.11,,,,,
"2025-01-13 07:14:31",78.28,21.38,2.89,53.99,40.08,
"2025-01-11 08:58:16",78.72,21.14,2.92,54.64,40.50,
"2025-01-08 07:41:56",78.25,20.57,2.92,54.75,40.48,
"2025-01-07 06:47:09",77.85,20.22,2.91,54.69,40.38,
"2025-01-05 09:03:41",78.02,,,,,
"2024-12-24 07:00:15",78.43,,,,,
"2024-12-21 06:59:05",78.68,21.49,2.90,54.27,40.30,
"2024-12-19 06:56:34",78.57,21.26,2.91,54.38,40.34,
"2024-12-18 07:19:38",78.94,21.00,2.93,55.00,40.73,
"2024-12-16 06:58:04",78.20,20.90,2.90,54.38,40.27,
"2024-12-13 07:54:52",78.24,20.84,2.91,54.48,40.33,
"2024-12-11 06:32:33",79.14,19.36,2.99,56.78,41.80,
"2024-12-10 06:24:21",78.91,21.09,2.92,54.88,40.66,
"2024-12-09 06:55:17",77.16,19.87,2.90,54.38,40.10,
"2024-12-04 07:28:37",77.95,20.99,2.89,54.04,40.05,
"2024-12-03 07:10:06",78.44,20.98,2.91,54.54,40.40,
"2024-12-02 07:09:36",78.13,20.67,2.91,54.54,40.35,
"2024-12-01 08:28:39",78.09,,,,,
"2024-11-29 07:10:56",78.46,21.11,2.91,54.42,40.34,
"2024-11-28 06:45:54",78.35,20.69,2.92,54.73,40.49,
"2024-11-27 06:38:29",78.59,20.64,2.93,55.00,40.68,
"2024-11-25 06:22:38",77.13,21.03,2.86,53.23,39.48,
"2024-11-24 07:17:33",77.51,20.25,2.90,54.35,40.14,
"2024-11-21 06:33:50",77.90,21.24,2.88,53.76,39.90,
"2024-11-20 06:52:15",78.34,20.31,2.93,55.09,40.69,
"2024-11-19 06:40:40",78.50,,,,,
"2024-11-18 07:29:04",77.87,20.89,2.89,54.08,40.06,
"2024-11-15 07:03:31",78.43,20.93,2.91,54.58,40.42,
"2024-11-12 06:56:08",77.83,20.45,2.90,54.47,40.26,
"2024-11-11 06:47:20",78.01,20.76,2.90,54.33,40.21,
"2024-11-08 07:41:29",78.13,20.48,2.91,54.71,40.45,
"2024-11-07 07:56:57",78.46,19.23,2.97,56.25,41.39,
"2024-11-06 07:25:39",78.46,19.90,2.95,55.60,41.00,
"2024-10-30 06:51:15",78.72,20.70,2.93,55.07,40.74,
"2024-10-29 06:13:22",79.13,20.84,2.94,55.33,40.95,
"2024-10-28 06:10:36",79.41,20.64,2.96,55.79,41.25,
"2024-10-27 07:06:16",78.59,21.10,2.91,54.57,40.45,
"2024-10-26 07:23:10",77.32,20.95,2.87,53.48,39.65,
"2024-10-22 06:41:17",78.39,20.96,2.91,54.50,40.38,
"2024-10-20 08:19:21",78.21,20.48,2.92,54.80,40.51,
"2024-10-16 07:24:17",78.59,20.47,2.93,55.18,40.78,
"2024-10-15 06:49:26",78.48,,,,,
"2024-10-14 06:47:22",78.65,21.28,2.91,54.45,40.40,
"2024-10-13 08:16:09",78.79,21.02,2.92,54.83,40.63,
"2024-10-10 06:58:55",78.11,20.52,2.91,54.67,40.42,
"2024-10-09 07:25:04",78.57,20.41,2.93,55.21,40.80,
"2024-10-08 06:30:52",78.89,20.85,2.93,55.09,40.78,
"2024-10-07 07:22:01",78.52,21.28,2.90,54.31,40.30,
"2024-10-03 07:35:48",77.61,19.96,2.91,54.72,40.37,
"2024-10-02 06:21:24",78.08,19.98,2.93,55.15,40.69,
"2024-10-01 05:55:48",77.85,20.97,2.89,53.97,40.01,
"2024-09-29 08:35:01",77.05,20.46,2.88,53.70,39.72,
"2024-09-27 07:35:20",77.56,20.68,2.89,53.98,39.96,
"2024-09-26 07:18:59",78.30,20.71,2.91,54.66,40.45,
"2024-09-23 07:40:43",78.64,20.67,2.93,55.03,40.71,
"2024-09-21 06:58:17",78.40,20.76,2.92,54.71,40.50,
"2024-09-20 07:27:40",78.20,20.58,2.91,54.69,40.45,
"2024-09-18 07:21:33",77.56,20.48,2.89,54.18,40.07,
"2024-09-17 06:37:31",78.51,20.81,2.92,54.77,40.55,
"2024-09-16 06:50:33",77.96,20.54,2.91,54.50,40.31,
"2024-09-14 07:15:02",78.05,20.66,2.91,54.47,40.31,
"2024-09-11 06:41:20",78.63,20.20,2.94,55.48,40.96,
"2024-09-10 07:11:10",78.48,20.32,2.93,55.21,40.78,
"2024-09-10 07:09:41",78.69,20.41,2.94,55.32,40.88,
"2024-09-05 07:28:39",78.13,20.11,2.93,55.08,40.66,
"2024-09-02 07:38:14",77.41,19.90,2.91,54.59,40.26,
"2024-08-29 07:17:29",77.23,20.06,2.89,54.25,40.05,
"2024-08-28 06:01:49",76.86,19.75,2.89,54.20,39.96,
"2024-08-24 07:25:52",78.54,19.86,2.95,55.71,41.09,
"2024-08-21 07:23:43",77.01,19.17,2.91,54.92,40.40,
"2024-08-12 06:44:10",77.35,19.96,2.90,54.47,40.19,
"2024-08-09 07:37:13",77.46,19.65,2.92,54.87,40.44,
"2024-08-06 05:54:48",77.05,19.86,2.89,54.28,40.04,
"2024-08-05 06:39:13",76.99,20.20,2.88,53.89,39.82,
"2024-08-03 08:18:25",77.57,20.03,2.91,54.62,40.31,
"2024-07-30 06:27:49",77.94,18.43,2.98,56.52,41.52,
"2024-07-28 07:49:30",77.34,19.84,2.91,54.58,40.26,
"2024-07-27 07:52:46",76.99,20.01,2.89,54.08,39.92,
"2024-07-23 06:41:15",77.39,19.08,2.93,55.36,40.72,
"2024-07-22 06:43:07",77.38,19.59,2.91,54.86,40.42,
"2024-07-19 07:14:11",76.63,19.53,2.89,54.19,39.93,
"2024-07-15 07:19:39",76.64,19.27,2.90,54.46,40.08,
"2024-07-10 07:41:18",76.05,18.41,2.90,54.73,40.16,
"2024-07-06 08:43:40",77.00,19.03,2.92,55.04,40.48,
"2024-07-05 07:02:46",76.29,19.28,2.88,54.11,39.83,
"2024-07-03 07:32:17",76.00,18.51,2.90,54.58,40.06,
"2024-06-29 07:57:32",75.85,19.21,2.87,53.76,39.56,
"2024-06-27 07:26:04",75.42,19.21,2.85,53.34,39.25,
"2024-06-26 07:58:20",75.32,19.77,2.83,52.70,38.89,
"2024-06-24 07:53:37",74.86,19.26,2.83,52.75,38.83,
"2024-06-20 07:08:34",76.18,19.34,2.88,53.95,39.72,
"2024-06-17 06:42:16",75.89,19.72,2.86,53.29,39.30,
"2024-06-11 07:36:46",75.71,18.90,2.87,53.93,39.64,
"2024-06-08 09:34:41",76.07,18.82,2.89,54.34,39.93,
"2024-06-06 07:23:37",75.95,18.84,2.88,54.21,39.84,
"2024-06-05 07:06:43",75.83,18.58,2.89,54.34,39.90,
"2024-06-04 06:30:58",75.84,19.08,2.87,53.87,39.63,
"2024-05-31 07:08:45",74.89,18.81,2.85,53.22,39.10,
"2024-05-28 06:40:50",75.58,18.23,2.89,54.44,39.93,
"2024-05-27 06:41:42",74.85,18.28,2.86,53.69,39.37,
"2024-05-22 07:43:52",75.61,18.73,2.88,53.98,39.65,
"2024-05-18 08:27:33",74.48,18.11,2.85,53.50,39.20,
"2024-05-16 06:38:29",74.70,17.91,2.87,53.91,39.48,
"2024-05-15 06:48:09",74.51,17.58,2.87,54.05,39.54,
"2024-05-11 07:32:53",75.32,18.42,2.87,54.01,39.63,
"2024-05-10 07:26:14",75.03,18.83,2.85,53.34,39.19,
"2024-05-08 06:51:19",74.98,18.42,2.86,53.69,39.39,
"2024-05-05 07:56:26",75.69,18.90,2.87,53.90,39.62,
"2024-05-02 07:21:07",75.08,18.97,2.85,53.25,39.15,
"2024-04-30 06:37:03",74.82,18.53,2.85,53.42,39.21,
"2024-04-27 08:02:39",74.90,18.53,2.86,53.50,39.27,
"2024-04-26 07:30:12",74.78,18.53,2.85,53.38,39.18,
"2024-04-22 06:44:31",75.00,18.54,2.86,53.59,39.33,
"2024-04-21 08:01:42",74.42,18.40,2.84,53.16,39.00,
"2024-04-20 09:04:40",74.41,18.46,2.84,53.09,38.96,
"2024-04-19 07:20:30",75.32,18.34,2.88,54.09,39.68,
"2024-04-18 06:51:44",75.15,18.45,2.87,53.82,39.49,
"2024-04-16 06:18:55",74.49,18.42,2.84,53.21,39.03,
"2024-04-13 09:57:58",75.37,18.86,2.86,53.64,39.42,
"2024-04-13 09:49:30",75.62,19.14,2.86,53.60,39.44,
"2024-04-12 06:40:58",74.68,18.55,2.85,53.27,39.10,
"2024-04-11 06:38:46",74.82,18.77,2.85,53.18,39.07,
"2024-04-09 06:17:34",75.08,18.83,2.85,53.39,39.23,
"2024-04-08 06:39:35",74.83,18.57,2.85,53.39,39.19,
"2024-04-06 09:56:16",75.02,18.06,2.87,54.08,39.63,
"2024-04-05 07:36:07",74.70,18.04,2.86,53.78,39.40,
"2024-04-04 06:38:02",74.11,18.65,2.82,52.62,38.64,
"2024-04-03 06:38:15",74.05,18.52,2.83,52.69,38.67,
"2024-03-29 08:42:02",74.08,18.00,2.84,53.22,38.98,
"2024-03-28 07:28:19",74.28,17.48,2.86,53.92,39.44,
"2024-03-25 06:49:44",74.73,18.44,2.85,53.42,39.20,
"2024-03-23 07:33:00",74.43,18.26,2.85,53.31,39.09,
"2024-03-20 06:56:01",74.60,17.42,2.88,54.29,39.71,
"2024-03-19 06:45:01",74.75,17.54,2.88,54.31,39.75,
"2024-03-17 07:40:33",74.08,17.52,2.86,53.69,39.27,
"2024-03-14 07:00:45",74.01,17.29,2.86,53.84,39.36,
"2024-03-12 07:13:19",73.43,17.52,2.83,53.06,38.79,
"2024-03-10 08:01:46",74.03,18.20,2.83,52.99,38.84,
"2024-03-08 06:46:36",74.40,18.13,2.85,53.41,39.14,
"2024-03-06 06:14:11",73.96,18.07,2.83,53.04,38.86,
"2024-03-05 06:47:10",73.25,17.77,2.82,52.65,38.52,
"2024-03-03 08:01:25",73.36,17.30,2.84,53.21,38.87,
"2024-03-02 08:55:43",73.14,18.39,2.80,51.94,38.09,
"2024-02-27 07:22:31",73.33,17.28,2.84,53.21,38.87,
"2024-02-26 06:57:00",73.38,17.57,2.83,52.97,38.73,
"2024-02-24 08:06:10",73.85,17.93,2.83,53.07,38.86,
"2024-02-23 06:10:18",73.46,17.14,2.84,53.46,39.05,
"2024-02-20 06:40:39",73.87,17.17,2.86,53.83,39.33,
"2024-02-18 08:39:30",73.06,17.11,2.83,53.11,38.77,
"2024-02-16 06:13:40",72.96,17.48,2.82,52.65,38.48,
"2024-02-14 06:41:17",72.94,16.88,2.83,53.21,38.82,
"2024-02-10 07:42:11",73.56,17.69,2.83,53.03,38.79,
"2024-02-09 06:46:53",74.11,17.05,2.87,54.17,39.58,
"2024-02-07 07:05:26",73.35,17.28,2.84,53.22,38.88,
"2024-02-06 08:02:05",73.96,17.04,2.87,54.04,39.48,
"2024-02-04 07:52:55",74.12,17.96,2.84,53.31,39.05,
"2024-02-03 08:56:13",74.87,17.77,2.88,54.21,39.70,
"2024-02-02 06:49:13",74.75,18.20,2.86,53.67,39.36,
"2024-01-31 06:54:34",74.37,17.51,2.87,53.98,39.50,
"2024-01-30 07:26:24",74.88,17.21,2.90,54.76,40.06,
"2024-01-29 07:22:01",74.36,18.06,2.85,53.44,39.16,
"2024-01-24 06:58:36",74.38,18.00,2.85,53.51,39.21,
"2024-01-23 07:14:21",74.25,17.10,2.88,54.26,39.66,
"2024-01-21 09:17:15",73.60,17.65,2.83,53.10,38.84,
"2024-01-20 07:49:39",73.99,17.97,2.84,53.16,38.94,
"2024-01-19 07:05:00",74.18,18.24,2.84,53.09,38.93,
"2024-01-18 05:36:59",74.17,17.71,2.85,53.59,39.23,
"2024-01-17 07:41:07",74.18,18.03,2.84,53.29,39.05,
"2024-01-15 06:47:52",73.89,17.55,2.85,53.48,39.12,
"2024-01-13 08:13:40",73.59,17.77,2.83,52.97,38.77,
"2024-01-12 06:47:15",74.13,17.57,2.86,53.68,39.28,
"2024-01-10 06:48:49",74.10,17.52,2.86,53.71,39.29,
"2024-01-08 06:25:24",74.34,17.86,2.86,53.62,39.27,
"2024-01-07 10:19:59",73.91,16.58,2.88,54.43,39.75,
"2024-01-05 07:58:50",73.79,17.70,2.84,53.23,38.95,
"2024-01-03 08:07:43",73.09,17.61,2.82,52.65,38.50,
"2024-01-02 07:27:26",73.83,17.13,2.86,53.83,39.33,
"2024-01-01 09:13:54",73.77,17.35,2.85,53.56,39.15,
"2023-12-31 08:12:57",73.51,16.97,2.85,53.67,39.19,
"2023-12-30 08:43:06",73.48,17.14,2.85,53.47,39.06,
"2023-12-29 08:16:33",72.81,17.09,2.82,52.89,38.61,
"2023-12-27 06:46:47",73.37,17.02,2.84,53.49,39.06,
"2023-12-26 07:26:39",73.33,17.22,2.84,53.26,38.91,
"2023-12-23 06:17:23",73.12,17.61,2.82,52.68,38.53,
"2023-12-22 05:41:47",73.54,17.92,2.82,52.77,38.64,
"2023-12-21 05:38:41",74.03,17.22,2.86,53.93,39.42,
"2023-12-19 06:19:25",73.65,16.85,2.86,53.93,39.38,
"2023-12-18 06:05:53",72.96,16.69,2.84,53.41,38.96,
"2023-12-16 06:40:44",73.59,16.70,2.86,54.01,39.43,
"2023-12-15 06:21:46",72.95,16.61,2.84,53.48,39.01,
"2023-12-12 06:12:53",73.24,16.84,2.85,53.54,39.08,
"2023-12-11 05:31:48",73.33,17.34,2.83,53.14,38.84,
"2023-12-10 07:35:28",73.10,16.37,2.86,53.86,39.28,
"2023-12-08 06:03:38",72.44,16.64,2.82,52.96,38.61,
"2023-12-06 06:05:34",72.04,15.88,2.83,53.31,38.79,
"2023-12-05 05:17:52",72.46,15.68,2.85,53.91,39.26,
"2023-11-30 07:39:57",72.28,16.17,2.83,53.27,38.79,
"2023-11-28 06:55:35",72.29,15.74,2.85,53.69,39.09,
"2023-11-28 06:54:17",72.56,15.95,2.85,53.75,39.15,
"2023-11-27 06:51:41",72.13,16.11,2.83,53.18,38.71,
"2023-11-25 06:46:17",72.83,16.48,2.84,53.49,39.00,
"2023-11-23 06:03:20",71.97,15.80,2.83,53.32,38.80,
"2023-11-22 06:18:01",71.86,15.62,2.83,53.39,38.83,
"2023-11-20 07:01:35",71.92,16.56,2.81,52.54,38.27,
"2023-11-18 07:42:25",72.51,17.02,2.81,52.66,38.43,
"2023-11-17 07:22:44",72.72,15.72,2.86,54.12,39.43,
"2023-11-16 06:43:42",72.84,16.52,2.84,53.46,38.98,
"2023-11-15 06:51:24",73.05,15.78,2.87,54.38,39.64,
"2023-11-15 06:48:29",73.02,15.88,2.87,54.25,39.54,
"2023-11-14 07:03:57",72.29,16.05,2.83,53.39,38.87,
"2023-11-12 07:12:43",72.98,16.86,2.84,53.27,38.87,
"2023-11-10 06:47:15",72.70,17.37,2.81,52.51,38.36,
"2023-11-09 06:24:31",72.92,16.78,2.84,53.29,38.88,
"2023-11-07 06:30:43",73.03,16.96,2.83,53.22,38.85,
"2023-11-03 07:02:42",72.91,16.60,2.84,53.45,38.99,
"2023-11-01 06:01:38",72.23,16.72,2.81,52.69,38.41,
"2023-10-29 07:36:20",72.91,16.83,2.83,53.23,38.85,
"2023-10-27 07:06:57",72.04,16.43,2.81,52.78,38.44,
"2023-10-26 06:58:18",71.75,16.14,2.81,52.79,38.41,
"2023-10-23 06:56:19",72.85,16.30,2.85,53.69,39.14,
"2023-10-20 06:40:29",73.07,16.86,2.84,53.36,38.94,
"2023-10-18 07:00:44",72.31,16.47,2.82,53.01,38.63,
"2023-10-16 06:57:43",72.77,16.52,2.84,53.40,38.93,
"2023-10-14 07:51:07",72.50,17.00,2.81,52.67,38.44,
"2023-10-11 07:34:39",71.68,16.72,2.79,52.15,38.00,
"2023-10-10 07:47:15",71.96,16.89,2.80,52.25,38.10,
"2023-10-09 06:57:30",73.25,17.04,2.84,53.36,38.97,
"2023-10-07 08:32:24",72.91,16.57,2.84,53.48,39.01,
"2023-09-27 06:27:53",73.05,16.80,2.84,53.39,38.97,
"2023-09-26 07:49:53",72.79,16.43,2.84,53.50,39.01,
"2023-09-23 06:40:04",73.91,17.13,2.86,53.90,39.40,
"2023-09-22 06:30:43",72.87,16.30,2.85,53.70,39.16,
"2023-09-19 06:38:46",73.01,17.10,2.83,53.07,38.76,
"2023-09-17 09:11:27",72.83,16.27,2.85,53.70,39.15,
"2023-09-15 06:30:28",72.24,16.71,2.81,52.70,38.42,
"2023-09-14 06:05:38",72.54,16.20,2.84,53.48,38.97,
"2023-09-13 06:13:13",72.33,16.82,2.81,52.68,38.42,
"2023-09-12 07:31:19",72.40,16.50,2.83,53.06,38.68,
"2023-09-08 07:06:07",71.95,16.10,2.82,53.01,38.59,
"2023-09-07 06:47:06",71.94,16.53,2.81,52.59,38.31,
"2023-09-05 06:47:40",71.81,15.87,2.82,53.10,38.64,
"2023-09-04 06:41:51",71.86,16.28,2.81,52.75,38.41,
"2023-08-31 06:47:11",72.72,,,,,
"2023-08-30 06:33:04",72.91,16.65,2.84,53.40,38.96,
"2023-08-26 07:16:51",72.69,16.73,2.83,53.12,38.75,
"2023-08-24 06:29:30",73.84,16.86,2.87,54.09,39.53,
"2023-08-23 06:03:19",73.35,16.84,2.85,53.65,39.18,
"2023-08-20 07:26:28",73.43,16.84,2.85,53.73,39.24,
"2023-08-19 08:59:47",73.39,16.97,2.85,53.56,39.12,
"2023-08-18 06:51:40",73.46,16.76,2.86,53.83,39.31,
"2023-08-17 07:07:05",73.86,16.37,2.89,54.59,39.87,
"2023-08-16 07:03:24",73.83,16.86,2.87,54.09,39.52,
"2023-08-14 06:01:02",72.93,16.82,2.83,53.25,38.87,
"2023-08-13 08:02:03",72.62,16.54,2.83,53.23,38.82,
"2023-08-12 08:25:38",73.28,16.58,2.86,53.82,39.29,
"2023-08-10 06:52:01",72.76,16.37,2.84,53.54,39.04,
"2023-08-09 06:26:31",72.76,16.85,2.83,53.07,38.73,
"2023-08-06 07:49:15",73.01,16.89,2.84,53.27,38.89,
"2023-08-04 07:32:26",73.33,16.89,2.85,53.58,39.13,
"2023-08-01 06:38:33",73.05,16.89,2.84,53.31,38.92,
"2023-07-28 06:40:51",73.04,16.43,2.85,53.75,39.21,
"2023-07-26 06:50:55",73.22,16.74,2.85,53.62,39.15,
"2023-07-24 06:58:17",73.46,16.66,2.86,53.92,39.37,
"2023-07-23 07:33:56",73.45,17.15,2.84,53.44,39.05,
"2023-07-21 07:24:17",73.54,16.82,2.86,53.85,39.34,
"2023-07-19 07:06:48",73.30,16.72,2.85,53.71,39.22,
"2023-07-17 07:13:57",73.38,17.51,2.83,53.02,38.79,
"2023-07-15 08:43:10",74.46,17.07,2.89,54.49,39.86,
"2023-07-12 06:51:00",73.52,16.76,2.86,53.88,39.35,
"2023-07-03 07:26:10",73.32,17.10,2.84,53.36,38.99,
"2023-06-26 07:32:14",72.89,16.56,2.84,53.48,39.01,
"2023-06-24 07:47:47",73.24,17.46,2.83,52.93,38.72,
"2023-06-22 07:31:34",72.47,17.08,2.81,52.57,38.38,
"2023-06-21 08:12:02",72.77,16.23,2.85,53.67,39.13,
"2023-06-20 07:51:04",72.77,16.27,2.85,53.64,39.11,
"2023-06-18 09:37:53",72.08,17.16,2.79,52.12,38.05,
"2023-06-16 08:36:45",72.30,17.06,2.80,52.42,38.27,
"2023-06-15 10:12:25",71.97,,,,,
"2023-06-12 07:20:50",72.95,17.08,2.83,53.02,38.74,
"2023-06-10 09:55:37",73.84,17.15,2.86,53.82,39.35,
"2023-06-09 07:33:54",73.85,17.73,2.84,53.26,39.01,
"2023-06-08 07:31:30",74.13,17.32,2.87,53.94,39.46,
"2023-06-07 08:15:22",74.61,17.74,2.87,53.98,39.56,
"2023-06-06 07:09:46",74.28,18.33,2.84,53.09,38.97,
"2023-06-05 09:05:12",73.69,17.47,2.84,53.37,39.05,
"2023-06-03 08:51:49",73.75,18.29,2.82,52.62,38.62,
"2023-06-02 07:43:40",73.12,,,,,
"2023-05-31 07:25:47",73.04,16.93,2.84,53.26,38.90,
"2023-05-30 07:37:13",73.17,16.71,2.85,53.60,39.13,
"2023-05-25 07:19:31",73.04,17.48,2.82,52.72,38.57,
"2023-05-24 06:46:57",73.58,17.64,2.83,53.09,38.87,
"2023-05-22 07:03:14",73.48,17.39,2.84,53.24,38.94,
"2023-05-21 10:11:50",72.86,18.23,2.79,51.82,38.02,
"2023-05-19 07:17:41",73.79,17.21,2.86,53.71,39.28,
"2023-05-18 07:09:14",74.69,17.14,2.89,54.65,39.99,
"2023-05-15 07:32:52",73.76,16.98,2.86,53.90,39.40,
"2023-05-14 09:47:47",73.13,17.30,2.83,52.99,38.74,
"2023-05-10 06:48:01",74.02,16.91,2.87,54.22,39.64,
"2023-05-09 07:47:50",74.48,17.24,2.88,54.34,39.77,
"2023-05-07 08:26:07",73.63,17.50,2.84,53.27,38.99,
"2023-05-06 07:57:58",74.26,18.06,2.85,53.33,39.12,
"2023-05-04 07:18:38",72.97,17.32,2.82,52.82,38.62,
"2023-04-30 08:46:30",73.69,17.99,2.83,52.85,38.75,
"2023-04-28 07:11:15",73.63,17.24,2.85,53.53,39.15,
"2023-04-26 07:59:50",74.32,16.98,2.88,54.45,39.82,
"2023-04-23 08:41:18",74.32,18.64,2.83,52.84,38.84,
"2023-04-21 07:14:42",73.72,18.32,2.82,52.56,38.59,
"2023-04-18 06:58:37",74.22,18.27,2.84,53.09,38.97,
"2023-04-17 07:59:20",74.94,18.32,2.86,53.74,39.46,
"2023-04-12 07:17:12",73.20,16.89,2.84,53.45,39.05,
"2023-04-11 06:50:40",72.73,16.80,2.83,53.09,38.75,
"2023-04-09 08:20:19",72.86,17.16,2.82,52.86,38.63,
"2023-04-06 07:24:57",73.00,17.37,2.82,52.79,38.60,
"2023-04-03 07:25:28",73.40,17.24,2.84,53.31,38.98,
"2023-03-30 07:12:53",73.20,17.17,2.83,53.18,38.88,
"2023-03-29 07:04:13",72.93,16.98,2.83,53.10,38.79,
"2023-03-25 06:42:40",73.15,17.07,2.84,53.23,38.90,
"2023-03-22 06:26:06",73.10,16.76,2.84,53.48,39.05,
"2023-03-20 07:14:26",72.92,16.65,2.84,53.41,38.99,
"2023-03-18 07:27:08",73.14,16.76,2.85,53.52,39.08,
"2023-03-17 07:05:21",72.84,17.23,2.82,52.77,38.58,
"2023-03-15 07:22:55",73.12,16.98,2.84,53.29,38.94,
"2023-03-14 06:26:02",73.59,16.86,2.86,53.85,39.36,
"2023-03-13 08:06:22",73.14,17.13,2.83,53.17,38.86,
"2023-03-10 07:05:43",73.62,17.62,2.84,53.15,38.92,
"2023-03-09 07:08:08",74.05,17.02,2.87,54.14,39.59,
"2023-03-07 07:15:26",73.39,17.73,2.83,52.82,38.69,
"2023-03-05 07:30:06",73.66,17.82,2.83,52.99,38.83,
"2023-03-03 06:47:29",73.54,17.65,2.83,53.04,38.84,
"2023-03-02 07:17:10",73.87,16.88,2.87,54.10,39.55,
"2023-03-01 06:59:12",73.27,17.36,2.83,53.06,38.81,
"2023-02-26 09:01:15",72.78,17.20,2.82,52.74,38.55,
"2023-02-25 09:04:25",72.35,17.41,2.80,52.13,38.12,
"2023-02-19 07:23:19",72.85,17.72,2.81,52.31,38.31,
"2023-02-18 08:29:08",73.63,18.09,2.82,52.70,38.66,
"2023-02-17 07:38:58",74.25,17.76,2.86,53.61,39.29,
"2023-02-16 06:19:27",74.25,18.18,2.84,53.21,39.06,
"2023-02-15 05:52:25",74.69,18.10,2.86,53.72,39.42,
"2023-02-13 06:46:41",74.38,17.70,2.86,53.80,39.43,
"2023-02-10 07:13:08",74.58,19.13,2.83,52.61,38.78,
"2023-02-08 07:14:46",74.66,18.04,2.86,53.75,39.43,
"2023-02-03 06:35:24",75.11,19.20,2.84,53.05,39.11,
"2023-02-02 07:24:34",75.62,19.21,2.86,53.53,39.46,
"2023-02-01 06:53:31",75.77,18.19,2.90,54.66,40.14,
"2023-01-29 07:30:26",76.09,19.32,2.88,53.88,39.73,
"2023-01-27 07:14:06",76.37,19.56,2.88,53.92,39.80,
"2023-01-25 07:39:51",76.15,19.10,2.89,54.14,39.89,
"2023-01-24 07:22:00",75.89,19.26,2.87,53.74,39.62,
"2023-01-23 07:36:42",75.30,,,,,
"2023-01-23 07:34:29",75.34,19.15,2.85,53.32,39.30,
"2023-01-21 07:01:06",76.44,19.04,2.90,54.48,40.13,
"2023-01-20 07:25:56",75.99,19.34,2.87,53.77,39.66,
"2023-01-19 07:29:10",76.35,19.27,2.89,54.18,39.95,
"2023-01-18 06:16:12",76.29,19.37,2.88,54.03,39.85,
"2023-01-17 08:02:13",76.17,19.07,2.89,54.19,39.92,
"2023-01-15 08:00:50",76.07,20.01,2.86,53.19,39.36,
"2023-01-14 07:46:11",76.57,20.10,2.87,53.58,39.65,
"2023-01-11 07:21:26",76.34,19.79,2.87,53.66,39.66,
"2023-01-06 10:08:18",76.58,18.58,2.92,55.07,40.50,
"2023-01-06 10:06:37",76.94,,,,,
"2023-01-04 09:10:31",76.30,19.49,2.88,53.92,39.79,
"2023-01-03 09:13:47",76.72,20.32,2.87,53.52,39.65,
"2022-12-30 10:08:32",76.74,19.37,2.90,54.46,40.17,
"2022-12-27 10:51:55",76.00,,,,,
"2022-12-25 07:33:59",76.24,19.50,2.88,53.85,39.59,
"2022-12-21 10:14:56",76.10,,,,,
"2022-12-17 08:55:06",76.83,,,,,
"2022-12-14 06:03:09",77.05,19.97,2.90,54.17,39.91,
"2022-12-09 07:03:43",77.15,19.56,2.91,54.67,40.20,
"2022-12-07 07:03:51",77.66,20.58,2.90,54.16,40.01,
"2022-12-05 07:32:10",78.16,19.42,2.95,55.76,40.98,
"2022-12-02 06:43:30",77.87,,,,,
"2022-11-30 07:55:17",77.55,19.94,2.92,54.68,40.27,
"2022-11-29 06:38:32",78.39,22.16,2.88,53.33,39.75,
"2022-11-25 09:09:00",77.90,20.40,2.91,54.57,40.27,
"2022-11-22 07:31:45",78.20,,,,,
"2022-11-18 07:15:38",78.70,,,,,
"2022-11-15 08:03:25",79.07,,,,,
"2022-11-15 07:58:51",79.14,,,,,
"2022-11-11 07:51:39",79.32,,,,,
"2022-11-11 07:43:59",79.33,,,,,
"2022-11-05 08:52:06",80.09,,,,,
"2022-11-01 08:14:51",81.59,,,,,
"2022-10-30 09:08:34",81.29,,,,,
"2022-10-26 08:21:05",81.12,,,,,
"2022-10-23 08:38:18",81.63,,,,,
"2022-10-19 07:38:08",81.87,24.32,2.94,54.59,41.08,
"2022-10-15 08:19:44",81.73,,,,,
"2022-10-11 07:46:47",82.38,,,,,
"2022-10-11 07:42:43",82.32,,,,,
"2022-10-06 08:09:00",82.47,,,,,
"2022-10-03 08:40:11",82.62,,,,,
"2022-09-23 08:04:06",83.04,,,,,
"2022-09-09 08:07:45",82.86,,,,,
"2022-09-04 08:55:36",82.55,,,,,
"2022-08-30 07:36:20",82.73,,,,,
"2022-08-16 08:23:32",82.39,,,,,
"2022-08-12 08:08:21",81.88,,,,,
"2022-08-08 07:51:11",81.90,,,,,
"2022-08-02 08:17:07",83.39,,,,,
"2022-07-21 08:02:49",82.76,,,,,
"2022-07-06 08:28:57",82.36,,,,,
"2022-06-18 08:37:36",81.79,,,,,
"2022-05-30 08:34:29",81.75,,,,,
"2022-04-24 08:17:08",83.88,,,,,
"2022-04-21 07:46:03",82.92,,,,,
"2022-04-16 09:32:42",82.59,,,,,
"2022-04-13 08:31:47",82.49,,,,,
"2022-04-10 08:01:26",83.56,,,,,
"2022-04-07 07:43:15",84.06,,,,,
"2022-04-04 08:11:56",83.22,24.96,2.97,55.27,41.71,
"2022-03-29 07:38:36",83.55,,,,,
"2022-03-26 09:09:49",84.03,,,,,
"2022-03-25 07:37:53",82.99,25.04,2.96,54.98,41.53,
"2022-03-23 07:48:13",83.94,25.60,2.98,55.35,41.90,
"2022-03-20 09:32:58",83.46,,,,,
"2022-03-16 07:35:35",83.22,25.45,2.96,54.79,41.50,
"2022-03-13 08:29:23",83.57,25.19,2.98,55.38,41.83,
"2022-03-09 07:31:00",83.54,,,,,
"2022-03-06 09:19:03",83.43,24.67,2.99,55.76,41.97,
"2022-03-02 07:40:08",83.31,25.49,2.96,54.84,41.54,
"2022-02-27 09:15:22",82.84,,,,,
"2022-02-23 07:29:44",82.63,24.25,2.97,55.39,41.64,
"2022-02-23 07:22:07",82.75,24.56,2.97,55.21,41.58,
"2022-02-23 07:21:37",82.75,24.70,2.96,55.07,41.52,
"2022-02-19 08:48:11",83.63,25.64,2.97,55.01,41.69,
"2022-02-16 07:13:29",83.24,24.42,2.99,55.81,41.95,
"2022-02-12 07:37:35",83.84,26.95,2.94,53.93,41.31,
"2022-02-10 07:07:37",83.49,25.25,2.97,55.24,41.76,
"2022-02-10 07:07:00",83.38,25.20,2.97,55.19,41.71,
"2022-02-05 07:00:37",84.40,24.89,3.02,56.47,42.49,
"2022-02-02 07:36:10",84.42,26.41,2.98,55.02,41.88,
"2022-01-30 08:11:04",84.57,26.72,2.97,54.87,41.85,
"2022-01-26 08:51:46",84.55,25.24,3.01,56.28,42.44,
"2022-01-22 07:33:16",84.63,26.40,2.98,55.24,42.02,
"2022-01-19 07:49:42",84.83,26.75,2.98,55.09,42.00,
"2022-01-15 08:21:00",84.50,26.74,2.97,54.78,41.81,
"2022-01-14 07:58:01",84.71,25.33,3.02,56.35,42.51,
"2022-01-13 07:21:51",85.52,26.03,3.02,56.45,42.72,
"2022-01-12 21:17:06",86.08,20.48,3.25,62.33,46.00,
"2022-01-11 23:28:48",85.46,25.23,3.05,57.17,43.03,
"2022-01-11 19:53:20",85.51,,,,,
"2022-01-11 18:23:03",85.80,,,,,
"2022-01-06 22:48:43",85.50,,,,,
"2022-01-06 22:48:43",85.50,,,,,
