start,end,fat_change,weight_change,bf_change,steps,sleep_hours,sleep_hr,sessions,sets,minutes,volume
2023-01-02,2023-01-29,-0.22999999999999687,-0.6299999999999955,-0.15292127502317854,3305.5714285714284,7.005555555555556,60.592592592592595,5.0,100.0,268.0,39714.0
2023-01-30,2023-02-26,-1.8949999999999996,-3.055000000000007,-1.5551094555607499,3730.1785714285716,6.182142857142856,61.535714285714285,1.0,20.0,88.0,7238.0
2023-02-27,2023-03-26,-0.7449999999999974,-0.5,-0.9193701672167123,4595.0,6.5135802469135795,62.888888888888886,2.0,34.0,60.0,13002.0
2023-03-27,2023-04-23,1.2449999999999974,1.2049999999999983,1.3639546608911388,4370.714285714285,7.290000000000001,62.92,0.0,0.0,0.0,0.0
2023-04-24,2023-05-21,-0.06499999999999773,0.08500000000000796,-0.24259371123801543,3603.785714285714,7.500595238095238,65.64285714285714,0.0,0.0,0.0,0.0
2023-05-22,2023-06-18,-0.40000000000000213,-1.2900000000000063,-0.33596475680162996,3057.75,8.186904761904762,67.35714285714286,2.0,60.0,187.0,18216.0
2023-06-19,2023-07-16,0.240000000000002,1.2199999999999989,-0.1024546690742838,5330.428571428572,8.126785714285715,65.92857142857143,2.0,60.0,96.0,18426.0
2023-07-17,2023-08-13,-0.4250000000000007,-0.6549999999999869,-0.409741504364618,5112.928571428572,7.7932098765432105,65.74074074074075,2.0,60.0,97.0,19410.0
2023-08-14,2023-09-10,-0.639999999999997,-1.5449999999999875,-0.36891906263081964,5716.285714285715,7.4923076923076914,63.96153846153846,5.0,147.0,290.0,51432.0
2023-10-09,2023-11-05,-0.28500000000000014,0.3400000000000034,-0.4290482334857586,4370.285714285715,7.437500000000001,63.25,4.0,77.0,168.0,24908.0
2023-11-06,2023-12-03,-0.8000000000000007,-0.6700000000000017,-0.8281028254019382,5963.0,6.765942028985507,62.65217391304348,4.0,98.0,176.0,34232.0
2023-12-04,2023-12-31,0.9649999999999999,0.9200000000000159,1.10743006209254,5623.607142857143,7.090740740740741,64.48148148148148,8.0,217.0,400.0,72658.0
2024-01-01,2024-01-28,0.1999999999999993,0.5249999999999915,0.09613272157338315,4589.464285714285,7.087179487179487,62.11538461538461,6.0,172.0,312.0,66048.0
2024-01-29,2024-02-25,-0.6950000000000003,-0.710000000000008,-0.6502991305709216,6946.821428571428,6.890384615384614,60.76923076923077,4.0,118.0,214.0,53358.0
2024-02-26,2024-03-24,0.10499999999999687,1.2549999999999955,-0.29821086084866977,2945.3571428571427,6.808333333333334,62.15384615384615,8.0,244.0,535.0,121208.0
2024-03-25,2024-04-21,0.4200000000000017,0.20999999999999375,0.4264802594346584,4610.142857142857,7.425,62.541666666666664,11.0,350.0,671.0,214712.0
2024-04-22,2024-05-19,-0.620000000000001,-0.39000000000000057,-0.7637492560361601,,7.095238095238096,62.857142857142854,10.0,234.0,593.0,139313.0
2024-07-15,2024-08-11,0.46000000000000085,0.41500000000000625,0.4606553574573482,,7.213461538461539,63.76923076923077,5.0,65.0,207.0,57864.0
2024-09-09,2024-10-06,-0.38500000000000156,-0.7350000000000136,-0.196249235568569,4485.571428571428,7.277160493827162,63.333333333333336,4.0,49.0,172.0,37565.0
2024-10-07,2024-11-03,-0.15000000000000213,0.5600000000000023,-0.13347351514457984,6022.964285714285,6.895833333333333,64.58333333333333,5.0,71.0,202.0,56496.0
2024-11-04,2024-12-01,0.9600000000000009,-0.10999999999999943,1.2930460503167183,5013.285714285715,6.7290123456790125,62.96296296296296,1.0,13.0,38.0,10440.0
2025-02-24,2025-03-23,-0.6599999999999966,-0.6949999999999932,-0.5682753078944742,4587.357142857143,6.938690476190478,63.5,1.0,14.0,29.0,11760.0
2025-03-24,2025-04-20,-0.3399999999999963,-0.09999999999999432,-0.378730964589419,4741.607142857143,7.009027777777778,64.0,1.0,13.0,43.0,12600.0
2025-04-21,2025-05-18,0.365000000000002,0.3100000000000023,0.5038703286806303,4806.75,6.832142857142857,64.07142857142857,9.0,139.0,374.0,82698.0
2025-05-19,2025-06-15,0.7349999999999994,-0.6450000000000102,0.9630453915713275,4522.555555555556,7.014814814814814,64.29629629629629,6.0,86.0,225.0,48394.0
2025-06-16,2025-07-13,0.010000000000001563,-0.21500000000001762,0.0865874521963228,4142.107142857143,7.027777777777778,64.88888888888889,8.0,126.0,325.0,88598.0
2025-07-14,2025-08-10,-0.5599999999999987,0.2599999999999909,-0.7441298446194295,4828.166666666667,6.994642857142857,66.57142857142857,8.0,114.0,375.0,89883.0
2025-08-11,2025-09-07,0.00999999999999801,-0.21999999999999886,0.018716319110321677,,7.175,65.10714285714286,12.0,176.0,542.0,150996.0
2025-09-08,2025-10-05,0.26500000000000057,0.17500000000001137,0.25646093691293004,,7.232738095238095,66.53571428571429,12.0,178.0,579.0,157997.0
2025-10-06,2025-11-02,-0.504999999999999,-0.75,-0.5392941201081207,4159.2,6.65297619047619,64.42857142857143,7.0,108.0,337.0,84286.0
2025-11-03,2025-11-30,-0.8550000000000004,1.1000000000000085,-1.2009573259587114,3459.75,6.433333333333333,66.46428571428571,2.0,32.0,96.0,22741.0
2026-01-26,2026-02-22,-1.2699999999999996,-0.8849999999999909,-1.4392104111383865,9505.42857142857,5.854196428571429,63.2962962962963,7.0,114.0,340.0,68554.0
2026-02-23,2026-03-22,0.3249999999999993,0.22500000000000853,0.5054169320854527,8693.107142857143,6.226785714285713,65.0,1.0,9.0,39.0,5952.0
2026-06-15,2026-07-12,-0.05000000000000071,0.10000000000000853,-0.08997751454712599,6193.642857142857,6.85246913580247,64.48148148148148,4.0,66.0,171.0,34645.0
2026-08-10,2026-09-06,0.8299999999999983,0.22500000000000853,0.9604043238711952,4937.857142857143,7.112799145299145,65.28,5.0,83.0,210.0,43808.0
