,weight,fat,bf,muscle,water,steps,sleep_hours,sleep_hr,awake_hours,sessions,sets,volume,minutes,weigh_days
2022-01-01,85.03999999999999,25.435555555555553,29.941585895896026,56.50666666666667,42.708888888888886,,,,,,,,,9
2022-02-01,83.56937500000001,25.44214285714286,30.40395962252391,55.237857142857145,41.805,,,,,,,,,7
2022-03-01,83.50399999999999,25.24,30.26008956811612,55.18333333333334,41.711666666666666,,,,,,,,,6
2022-04-01,83.24571428571429,24.96,29.992790194664746,55.27,41.71,,,,,,,,,1
2022-05-01,81.75,,,,,,,,,,,,,0
2022-06-01,81.79,,,,,,,,,,,,,0
2022-07-01,82.56,,,,,,,,,,,,,0
2022-08-01,82.458,,,,,,,,,,,,,0
2022-09-01,82.81666666666666,,,,,,,,,,,,,0
2022-10-01,81.885,24.32,29.70563087822157,54.59,41.08,3975.6666666666665,,,,,,,,1
2022-11-01,78.98333333333333,20.833333333333332,26.722925068239977,54.19333333333333,40.09666666666667,4278.892857142857,6.165555555555556,67.8,0.62,,,,,3
2022-12-01,76.97999999999999,19.733333333333334,25.572706520244054,54.51166666666666,40.14333333333334,3984.7096774193546,7.06358024691358,61.333333333333336,0.5209876543209876,2.0,40.0,2460.0,11.5,6
2023-01-01,76.23875,19.423125,25.47982098834487,53.911875,39.77875,3453.6129032258063,6.950574712643678,60.58620689655172,0.5080459770114942,5.0,100.0,1281.0967741935483,8.64516129032258,16
2023-02-01,74.22461538461538,18.14846153846154,24.446871642701975,53.21692307692308,39.058461538461536,3839.035714285714,6.195833333333334,61.785714285714285,0.6404761904761905,2.0,35.0,468.7142857142857,4.071428571428571,13
2023-03-01,73.32529411764706,17.15705882352941,23.398361584148702,53.311764705882354,38.98,4155.903225806452,6.6483333333333325,62.46666666666667,0.6016666666666667,1.0,19.0,229.5483870967742,1.096774193548387,17
2023-04-01,73.66916666666667,17.601666666666667,23.889627341325255,53.21333333333334,38.965833333333336,4321.6,7.237654320987654,63.96296296296296,0.6203703703703703,0.0,0.0,0.0,0.0,12
2023-05-01,73.59333333333333,17.336000000000002,23.558199445353385,53.397333333333336,39.065333333333335,3543.8064516129034,7.647849462365592,66.16129032258064,0.7053763440860216,0.0,0.0,0.0,0.0,15
2023-06-01,73.21823529411765,17.262,23.544280725702865,53.19533333333333,38.89533333333333,3328.233333333333,8.429444444444444,65.4,0.5444444444444444,3.0,90.0,910.8,7.866666666666666,15
2023-07-01,73.469,16.896,22.997371873822424,53.70399999999999,39.233,5638.935483870968,7.86505376344086,67.03225806451613,0.5720430107526882,2.0,60.0,611.8064516129032,3.096774193548387,10
2023-08-01,73.17888888888889,16.747647058823528,22.8779124583723,53.595882352941175,39.12764705882353,6143.8387096774195,7.694444444444445,65.5,0.31222222222222223,5.0,147.0,1632.0,7.225806451612903,17
2023-09-01,72.53785714285713,16.502857142857142,22.749565013085988,53.18785714285714,38.777857142857144,4327.9,7.002000000000001,63.04,0.536,3.0,90.0,1077.4,7.133333333333334,14
2023-10-01,72.5,16.647499999999997,22.962241118442083,53.01416666666666,38.655,4835.645161290323,7.4879999999999995,63.24,0.4893333333333334,5.0,107.0,1172.1935483870968,6.806451612903226,12
2023-11-01,72.53222222222222,16.389722222222222,22.595545758915208,53.29361111111111,38.843333333333334,5572.366666666667,6.933333333333333,62.714285714285715,0.5053571428571428,3.0,74.0,802.0666666666667,4.4,18
2023-12-01,73.16388888888889,16.877222222222223,23.06551969834443,53.428333333333335,39.00333333333333,5998.774193548387,7.090740740740741,64.48148148148148,0.5382716049382716,9.0,241.0,2671.8709677419356,14.32258064516129,18
2024-01-01,74.03999999999999,17.606,23.779442783809746,53.56699999999999,39.1995,4718.677419354839,7.052873563218391,62.03448275862069,0.6258620689655172,7.0,202.0,2570.516129032258,11.838709677419354,20
2024-02-01,73.70466666666667,17.436666666666667,23.6565995590625,53.410666666666664,39.05,6478.586206896552,6.943827160493828,60.592592592592595,0.5790123456790123,4.0,122.0,1932.0,7.689655172413793,15
2024-03-01,74.03533333333333,17.822,24.07312854665263,53.35333333333333,39.06066666666666,3369.2580645161293,6.819753086419753,62.77777777777778,0.6425925925925926,10.0,291.0,5155.1612903225805,19.903225806451612,15
2024-04-01,74.78194444444445,18.510555555555555,24.753050861274456,53.404444444444444,39.195,4705.925925925926,7.380357142857143,62.107142857142854,0.5892857142857143,12.0,373.0,7214.6,26.2,18
2024-05-01,75.06,18.4325,24.555983694665272,53.748333333333335,39.4375,4132.166666666667,7.173118279569893,63.41935483870968,0.49516129032258066,7.0,145.0,3019.5806451612902,12.225806451612904,12
2024-06-01,75.72,19.157272727272726,25.30140885830984,53.68,39.49909090909091,3823.9,7.586666666666667,64.73333333333333,0.9061111111111111,4.0,60.0,1383.8333333333333,5.9,11
2024-07-01,76.87727272727273,19.180000000000003,24.949057908042594,54.77363636363636,40.307272727272725,5034.0,7.351851851851852,64.62962962962963,0.5074074074074074,8.0,116.0,2888.1612903225805,11.774193548387096,11
2024-08-01,77.33999999999999,19.837777777777777,25.650775568408086,54.57888888888888,40.25555555555556,4880.307692307692,7.0475308641975305,63.77777777777778,0.5604938271604938,2.0,28.0,906.7741935483871,2.3548387096774195,9
2024-09-01,78.07035714285713,20.494642857142857,26.25196968513207,54.650357142857146,40.410000000000004,4613.083333333333,7.183928571428572,63.142857142857146,0.4351190476190476,5.0,62.0,1574.8333333333333,7.033333333333333,14
2024-10-01,78.43944444444445,20.73,26.429108573018446,54.771764705882354,40.53588235294118,5249.366666666667,6.968333333333334,64.63333333333334,0.5111111111111111,5.0,71.0,1822.4516129032259,6.516129032258065,17
2024-11-01,78.13133333333333,20.565,26.331670842187517,54.614285714285714,40.39357142857143,5770.733333333334,6.769230769230769,63.0,0.5141025641025642,1.0,13.0,348.0,1.2666666666666666,14
2024-12-01,78.37538461538462,20.768181818181816,26.491632113781257,54.697272727272725,40.484545454545454,6107.548387096775,6.389880952380952,63.214285714285715,0.7166666666666667,5.0,82.0,2019.6129032258063,7.290322580645161,11
2025-01-01,78.50153846153846,21.008888888888887,26.74320971820871,54.61666666666667,40.46,4565.096774193548,6.989506172839506,62.0,0.582716049382716,2.0,29.0,734.7096774193549,3.5483870967741935,9
2025-02-01,78.53166666666667,21.516,27.424348079487128,54.025999999999996,40.13,2934.8214285714284,7.007738095238095,61.607142857142854,0.5964285714285714,1.0,13.0,393.2142857142857,1.6785714285714286,5
2025-03-01,78.19058823529411,21.049285714285713,26.907989916323675,54.267857142857146,40.21142857142858,4900.903225806452,7.076344086021505,63.87096774193548,0.9118279569892472,1.0,14.0,379.35483870967744,0.9354838709677419,14
2025-04-01,78.09533333333334,20.904615384615383,26.769055578747324,54.27230769230769,40.182307692307695,4490.9,6.821794871794872,64.23076923076923,0.7846153846153846,5.0,79.0,1684.8,6.866666666666666,13
2025-05-01,78.62583333333333,21.225555555555555,26.981085563609703,54.52222222222222,40.42333333333333,5413.193548387097,6.973888888888889,63.733333333333334,0.9066666666666666,9.0,134.0,2538.967741935484,11.741935483870968,9
2025-06-01,78.29842105263158,21.201052631578946,27.079789742190943,54.182105263157894,40.16894736842105,3681.4827586206898,7.002873563218391,64.62068965517241,0.7775862068965518,6.0,87.0,1816.0,7.966666666666667,19
2025-07-01,78.43117647058823,21.206875,27.037918472074495,54.309375,40.25125,4413.4838709677415,7.053225806451613,66.38709677419355,0.8344086021505377,9.0,137.0,3385.1935483870966,12.612903225806452,16
2025-08-01,78.455,20.82125,26.549050562144334,54.67791666666667,40.44541666666667,5469.928571428572,7.283333333333333,64.90322580645162,0.6499999999999999,11.0,153.0,4286.774193548387,15.806451612903226,24
2025-09-01,78.6415,20.9725,26.668851495136312,54.73350000000001,40.506,,7.008333333333334,66.53333333333333,0.7577777777777778,14.0,214.0,6078.566666666667,22.266666666666666,20
2025-10-01,78.62190476190476,21.019,26.72414113773862,54.697,40.48350000000001,4235.086956521739,6.786559139784946,64.64516129032258,1.0559139784946237,8.0,120.0,3153.4193548387098,12.64516129032258,20
2025-11-01,76.31058823529412,19.465625,25.5020800647944,53.96875,39.695,3448.2,6.4127777777777775,66.3,1.0638888888888889,3.0,48.0,1217.2333333333333,4.866666666666666,16
2025-12-01,75.67363636363636,18.735,24.78177062746805,53.979,39.587,5008.129032258064,5.994252873563219,65.13793103448276,1.0758620689655172,0.0,0.0,0.0,0.0,10
2026-01-01,76.055625,19.28125,25.35224985572777,53.885625,39.5925,4901.846153846154,6.092286324786325,65.4,0.5833333333333333,9.0,158.0,2540.3225806451615,14.193548387096774,16
2026-02-01,74.77352941176471,18.33764705882353,24.523948112497177,53.56588235294117,39.20882352941176,10209.392857142857,5.605386904761905,62.888888888888886,0.6452380952380953,6.0,89.0,2104.8571428571427,10.178571428571429,17
2026-03-01,74.05375,17.78875,24.0205589076606,53.40375,39.005,8914.645161290322,6.576344086021505,64.7741935483871,0.639247311827957,0.0,0.0,0.0,0.0,8
2026-04-01,74.8325,18.4325,24.630735702864612,53.535000000000004,39.1875,10848.7,6.364962962962963,65.58620689655173,0.8661018518518518,4.0,64.0,1499.7666666666667,6.166666666666667,4
2026-05-01,76.47714285714285,19.59857142857143,25.626067376300963,53.98571428571428,39.70285714285715,12659.967741935483,7.135483870967741,64.87096774193549,0.5451612903225806,6.0,88.0,2182.967741935484,9.096774193548388,7
2026-06-01,77.025,19.54888888888889,25.379534835851288,54.562222222222225,40.114444444444445,6626.9,6.726111111111111,65.26666666666667,0.6022222222222222,8.0,132.0,2249.233333333333,11.666666666666666,9
2026-07-01,77.268,19.846666666666668,25.693193127898617,54.48,40.093333333333334,6771.870967741936,6.677564102564103,65.73076923076923,0.47628205128205126,6.0,101.0,1638.258064516129,9.03225806451613,9
2026-08-01,77.96966666666667,20.377000000000002,26.13582849943038,54.664,40.31266666666667,5957.451612903225,7.220670498084291,64.78571428571429,0.5304597701149425,7.0,120.0,2269.064516129032,10.096774193548388,15
2026-09-01,79.14923076923077,21.235384615384614,26.828643859466954,54.973846153846154,40.67230769230769,4294.851851851852,7.04567901234568,64.85185185185185,0.5179012345679012,7.0,119.0,2497.3846153846152,12.0,13
