start,title,end,sets,volume,minutes,sessions
2022-12-26 11:41:00,Bayswater 1,2022-12-26 12:12:00,20,7230.0,31.0,1
2022-12-28 10:18:00,Bayswater 1,2022-12-28 10:56:00,20,7530.0,38.0,1
2023-01-03 10:09:00,Bayswater 1,2023-01-03 10:44:00,20,7770.0,35.0,1
2023-01-09 19:17:00,Bayswater 1,2023-01-09 19:52:00,20,8058.0,35.0,1
2023-01-14 14:09:00,Bayswater 1,2023-01-14 14:48:00,20,8340.0,39.0,1
2023-01-16 18:11:00,Bayswater 1,2023-01-16 19:34:00,20,8514.0,83.0,1
2023-01-27 17:50:00,Bayswater 1,2023-01-27 19:06:00,20,7032.0,76.0,1
2023-02-13 17:59:00,Bayswater 1,2023-02-13 19:27:00,20,7238.0,88.0,1
2023-02-27 06:46:00,Bayswater 1,2023-02-27 07:12:00,15,5886.0,26.0,1
2023-03-22 06:59:00,Bayswater 1,2023-03-22 07:33:00,19,7116.0,34.0,1
2023-06-04 16:18:00,Bayswater 1,2023-06-04 18:37:00,30,9108.0,139.0,1
2023-06-06 19:47:00,Bayswater 1,2023-06-06 20:35:00,30,9108.0,48.0,1
2023-06-19 19:33:00,Bayswater 1,2023-06-19 20:22:00,30,9108.0,49.0,1
2023-07-11 19:14:00,Bayswater 1,2023-07-11 20:01:00,30,9318.0,47.0,1
2023-07-18 19:31:00,Bayswater 1,2023-07-18 20:20:00,30,9648.0,49.0,1
2023-08-12 16:19:00,Bayswater 1,2023-08-12 17:07:00,30,9762.0,48.0,1
2023-08-14 19:44:00,Bayswater 1,2023-08-14 20:29:00,30,10140.0,45.0,1
2023-08-21 19:32:00,Bayswater 1,2023-08-21 20:15:00,29,10200.0,43.0,1
2023-08-26 16:18:00,Bayswater 1,2023-08-26 17:02:00,28,9996.0,44.0,1
2023-08-28 19:56:00,Bayswater 1,2023-08-28 20:40:00,30,10494.0,44.0,1
2023-09-04 19:45:00,Bayswater 1,2023-09-04 21:39:00,30,10602.0,114.0,1
2023-09-11 15:35:00,Bayswater 1,2023-09-11 16:24:00,30,10746.0,49.0,1
2023-09-18 19:23:00,Bayswater 1,2023-09-18 20:14:00,30,10974.0,51.0,1
2023-10-06 20:07:00,Bayswater 1,2023-10-06 20:50:00,30,11430.0,43.0,1
2023-10-09 19:43:00,Bayswater 1,2023-10-09 20:27:00,30,11490.0,44.0,1
2023-10-16 20:11:00,Bayswater 1,2023-10-16 20:57:00,27,10590.0,46.0,1
2023-10-25 19:38:00,Bayswater 1,2023-10-25 20:28:00,5,2388.0,50.0,1
2023-10-27 06:33:00,Core and Mobility,2023-10-27 07:01:00,15,440.0,28.0,1
2023-11-06 19:42:00,Weights,2023-11-06 20:30:00,30,11610.0,48.0,1
2023-11-13 19:52:00,Weights,2023-11-13 20:41:00,30,12012.0,49.0,1
2023-11-17 06:12:00,Core and Mobility,2023-11-17 06:47:00,14,440.0,35.0,1
2023-12-02 17:10:00,Weights,2023-12-02 17:54:00,24,10170.0,44.0,1
2023-12-08 19:51:00,Weights,2023-12-08 20:41:00,30,12102.0,50.0,1
2023-12-10 14:52:00,Weights,2023-12-10 15:44:00,30,12216.0,52.0,1
2023-12-16 12:27:00,Weights,2023-12-16 13:27:00,30,12498.0,60.0,1
2023-12-19 19:35:00,Weights,2023-12-19 20:26:00,30,12382.0,51.0,1
2023-12-25 08:26:00,Core and Mobility,2023-12-25 08:52:00,14,440.0,26.0,1
2023-12-29 10:51:00,Weights,2023-12-29 11:46:00,21,9462.0,55.0,1
2023-12-30 18:29:00,Core and Mobility,2023-12-30 19:22:00,32,1020.0,53.0,1
2023-12-31 16:41:00,Weights,2023-12-31 17:34:00,30,12538.0,53.0,1
2024-01-02 19:50:00,Weights,2024-01-02 20:40:00,30,12858.0,50.0,1
2024-01-03 16:00:00,Core and Mobility,2024-01-03 16:45:00,23,840.0,45.0,1
2024-01-08 19:52:00,Weights,2024-01-08 20:45:00,30,12978.0,53.0,1
2024-01-14 16:59:00,Weights,2024-01-14 17:53:00,30,13128.0,54.0,1
2024-01-21 10:53:00,Weights,2024-01-21 11:51:00,29,13116.0,58.0,1
2024-01-23 19:27:00,Weights,2024-01-23 20:19:00,30,13128.0,52.0,1
2024-01-30 19:56:00,Weights,2024-01-30 20:51:00,30,13638.0,55.0,1
2024-02-18 11:00:00,Weights (Unison),2024-02-18 11:45:00,21,11250.0,45.0,1
2024-02-20 20:27:00,Weights (Unison),2024-02-20 21:28:00,33,13620.0,61.0,1
2024-02-22 21:03:00,Weights (Unison),2024-02-22 21:56:00,34,14850.0,53.0,1
2024-02-26 20:44:00,Weights (Unison),2024-02-26 21:48:00,34,16308.0,64.0,1
2024-03-05 19:51:00,Weights (Unison),2024-03-05 21:03:00,34,16172.0,72.0,1
2024-03-07 06:24:00,Weights (Unison),2024-03-07 07:33:00,34,15852.0,69.0,1
2024-03-11 17:12:00,Weights (Unison),2024-03-11 18:26:00,34,17024.0,74.0,1
2024-03-16 13:20:00,Weights (Unison),2024-03-16 14:45:00,31,14636.0,85.0,1
2024-03-18 18:45:00,Weights (Unison),2024-03-18 19:50:00,34,17096.0,65.0,1
2024-03-21 19:50:00,Weights (Unison),2024-03-21 20:23:00,9,6000.0,33.0,1
2024-03-23 07:50:00,Weights (Unison),2024-03-23 09:03:00,34,18120.0,73.0,1
2024-03-25 19:52:00,Weights (Unison),2024-03-25 20:50:00,34,19096.0,58.0,1
2024-03-27 20:56:00,Weights (Unison),2024-03-27 21:54:00,31,22096.0,58.0,1
2024-03-29 09:13:00,Weights (Unison),2024-03-29 09:43:00,16,13718.0,30.0,1
2024-04-01 16:41:00,Weights (Unison),2024-04-01 17:47:00,34,19916.0,66.0,1
2024-04-03 20:23:00,Weights (Unison),2024-04-03 21:44:00,34,20196.0,81.0,1
2024-04-05 06:27:00,Weights (Unison),2024-04-05 07:27:00,34,20340.0,60.0,1
2024-04-08 18:05:00,Weights (Unison),2024-04-08 18:57:00,34,20010.0,52.0,1
2024-04-12 06:51:00,Weights (Unison),2024-04-12 07:59:00,34,19990.0,68.0,1
2024-04-15 20:29:00,Weights (Unison),2024-04-15 21:36:00,34,20442.0,67.0,1
2024-04-17 20:24:00,Weights (Unison),2024-04-17 21:27:00,34,20762.0,63.0,1
2024-04-21 08:11:00,Weights (Unison),2024-04-21 09:19:00,31,18146.0,68.0,1
2024-04-22 20:46:00,Weights (Unison),2024-04-22 21:57:00,34,18404.0,71.0,1
2024-04-25 15:53:00,Weights (Unison),2024-04-25 16:33:00,3,1530.0,40.0,1
2024-04-27 16:39:00,Weights (Unison),2024-04-27 17:43:00,33,17830.0,64.0,1
2024-04-29 20:26:00,Weights (Unison),2024-04-29 21:52:00,34,18872.0,86.0,1
2024-05-01 20:00:00,Weights (Unison),2024-05-01 21:16:00,34,18662.0,76.0,1
2024-05-04 20:20:00,Weights (Unison),2024-05-04 21:19:00,21,16650.0,59.0,1
2024-05-06 17:11:00,Weights (Unison),2024-05-06 17:46:00,11,6800.0,35.0,1
2024-05-08 20:28:00,Weights (Unison),2024-05-08 21:40:00,34,18395.0,72.0,1
2024-05-11 18:51:00,Weights (Unison),2024-05-11 19:44:00,16,12240.0,53.0,1
2024-05-19 15:26:00,Weights (Unison),2024-05-19 16:03:00,14,9930.0,37.0,1
2024-05-26 18:53:00,Weights (Unison),2024-05-26 19:40:00,15,10930.0,47.0,1
2024-06-01 09:34:00,Weights (Unison),2024-06-01 10:19:00,11,5820.0,45.0,1
2024-06-03 17:21:00,Weights (Unison),2024-06-03 18:17:00,22,15525.0,56.0,1
2024-06-12 20:10:00,Weights (Unison),2024-06-12 20:47:00,14,9100.0,37.0,1
2024-06-30 14:50:00,Weights (Unison),2024-06-30 15:29:00,13,11070.0,39.0,1
2024-07-01 19:59:00,Weights (Unison),2024-07-01 20:52:00,19,12257.0,53.0,1
2024-07-04 20:14:00,Weights (Unison),2024-07-04 21:01:00,13,10250.0,47.0,1
2024-07-06 10:46:00,Weights (Unison),2024-07-06 11:42:00,19,12652.0,56.0,1
2024-07-13 16:09:00,Weights (Unison),2024-07-13 16:46:00,13,10970.0,37.0,1
2024-07-19 20:35:00,Weights (Unison),2024-07-19 21:13:00,11,9060.0,38.0,1
2024-07-21 19:45:00,Weights (Unison),2024-07-21 20:42:00,19,12324.0,57.0,1
2024-07-27 11:34:00,Weights (Unison),2024-07-27 12:12:00,13,11280.0,38.0,1
2024-07-28 08:13:00,Weights (Unison),2024-07-28 08:52:00,9,10740.0,39.0,1
2024-08-10 16:31:00,Weights (Unison),2024-08-10 17:06:00,13,14460.0,35.0,1
2024-08-26 19:57:00,Weights (Unison),2024-08-26 20:35:00,15,13650.0,38.0,1
2024-09-08 11:27:00,Weights (Unison),2024-09-08 12:06:00,13,9680.0,39.0,1
2024-09-09 18:14:00,Weights (Unison),2024-09-09 18:46:00,10,4050.0,32.0,1
2024-09-17 18:23:00,Weights (Unison),2024-09-17 19:00:00,14,12120.0,37.0,1
2024-09-21 07:09:00,Weights (Unison),2024-09-21 07:54:00,12,9895.0,45.0,1
2024-09-30 20:11:00,Weights (Unison),2024-09-30 21:09:00,13,11500.0,58.0,1
2024-10-07 19:02:00,Weights (Unison),2024-10-07 19:39:00,13,14770.0,37.0,1
2024-10-21 17:41:00,Weights (Unison),2024-10-21 18:16:00,13,9650.0,35.0,1
2024-10-24 06:33:00,Weights (Unison),2024-10-24 07:19:00,19,12036.0,46.0,1
2024-10-26 16:12:00,Weights (Unison),2024-10-26 16:50:00,13,9860.0,38.0,1
2024-10-30 08:34:00,Weights (Unison),2024-10-30 09:20:00,13,10180.0,46.0,1
2024-11-21 06:42:00,Weights (Unison),2024-11-21 07:20:00,13,10440.0,38.0,1
2024-12-09 17:57:00,Weights (Unison),2024-12-09 18:59:00,16,15110.0,62.0,1
2024-12-12 07:05:00,Weights (Unison),2024-12-12 07:47:00,19,10879.0,42.0,1
2024-12-15 08:57:00,Weights (Unison),2024-12-15 09:37:00,14,12210.0,40.0,1
2024-12-16 19:53:00,Weights (Unison),2024-12-16 20:39:00,19,12019.0,46.0,1
2024-12-24 16:43:00,Weights (Unison),2024-12-24 17:19:00,14,12390.0,36.0,1
2025-01-18 08:00:00,Weights (Unison),2025-01-18 09:02:00,15,10116.0,62.0,1
2025-01-25 09:50:00,Weights (Unison),2025-01-25 10:38:00,14,12660.0,48.0,1
2025-02-01 10:48:00,Weights (Unison),2025-02-01 11:35:00,13,11010.0,47.0,1
2025-03-03 07:54:00,Weights (Unison),2025-03-03 08:23:00,14,11760.0,29.0,1
2025-04-18 20:20:00,Weights (Unison),2025-04-18 21:03:00,13,12600.0,43.0,1
2025-04-21 16:46:00,Weights (Unison),2025-04-21 17:17:00,19,6096.0,31.0,1
2025-04-23 06:43:00,Weights (Unison),2025-04-23 07:18:00,14,10440.0,35.0,1
2025-04-25 10:38:00,Weights (Unison),2025-04-25 11:37:00,19,9708.0,59.0,1
2025-04-27 15:45:00,Weights (Unison),2025-04-27 16:23:00,14,11700.0,38.0,1
2025-05-01 19:43:00,Weights (Unison),2025-05-01 20:26:00,19,10404.0,43.0,1
2025-05-02 13:05:00,Weights (Unison),2025-05-02 13:42:00,13,10350.0,37.0,1
2025-05-11 17:49:00,Weights (Unison),2025-05-11 18:39:00,11,6630.0,50.0,1
2025-05-15 19:17:00,Weights (Unison),2025-05-15 19:59:00,19,10920.0,42.0,1
2025-05-18 14:14:00,Weights (Unison),2025-05-18 14:53:00,11,6450.0,39.0,1
2025-05-20 06:23:00,Weights (Unison),2025-05-20 07:06:00,19,10842.0,43.0,1
2025-05-23 06:42:00,Weights (Unison),2025-05-23 07:09:00,13,6760.0,27.0,1
2025-05-26 06:27:00,Weights (Unison),2025-05-26 07:20:00,19,11312.0,53.0,1
2025-05-28 18:16:00,Weights (Unison),2025-05-28 18:46:00,10,5040.0,30.0,1
2025-06-04 06:17:00,Weights (Unison),2025-06-04 06:58:00,13,7480.0,41.0,1
2025-06-11 18:22:00,Weights (Unison),2025-06-11 18:53:00,12,6960.0,31.0,1
2025-06-16 06:45:00,Weights (Unison),2025-06-16 07:29:00,19,10256.0,44.0,1
2025-06-18 19:42:00,Weights (Unison),2025-06-18 20:17:00,11,7630.0,35.0,1
2025-06-20 06:46:00,Weights (Unison),2025-06-20 07:23:00,13,9540.0,37.0,1
2025-06-22 19:18:00,Weights (Unison),2025-06-22 20:09:00,19,12614.0,51.0,1
2025-07-01 06:50:00,Weights (Unison),2025-07-01 07:22:00,13,14260.0,32.0,1
2025-07-04 06:45:00,Weights (Unison),2025-07-04 07:35:00,19,8669.0,50.0,1
2025-07-07 17:11:00,Weights (Unison),2025-07-07 17:52:00,13,11700.0,41.0,1
2025-07-10 07:01:00,Weights (Unison),2025-07-10 07:36:00,19,13929.0,35.0,1
2025-07-16 17:09:00,Weights (Unison),2025-07-16 17:41:00,9,7650.0,32.0,1
2025-07-20 10:50:00,Weights (Unison),2025-07-20 11:33:00,13,11700.0,43.0,1
2025-07-21 19:35:00,Weights (Unison),2025-07-21 20:28:00,19,13172.0,53.0,1
2025-07-23 05:58:00,Weights (Unison),2025-07-23 06:43:00,13,14640.0,45.0,1
2025-07-25 19:43:00,Weights (Unison),2025-07-25 20:43:00,19,9221.0,60.0,1
2025-08-04 06:31:00,Weights (Unison),2025-08-04 07:14:00,13,10520.0,43.0,1
2025-08-07 06:48:00,Weights (Unison),2025-08-07 07:30:00,13,11930.0,42.0,1
2025-08-09 09:35:00,Weights (Unison),2025-08-09 10:32:00,15,11050.0,57.0,1
2025-08-11 17:09:00,Weights (Unison),2025-08-11 17:49:00,15,11377.0,40.0,1
2025-08-13 19:57:00,Weights (Unison),2025-08-13 20:50:00,16,12740.0,53.0,1
2025-08-16 11:00:00,Weights (Unison),2025-08-16 11:51:00,16,13513.0,51.0,1
2025-08-18 06:17:00,Weights (Unison),2025-08-18 07:00:00,13,10880.0,43.0,1
2025-08-22 06:44:00,Weights (Unison),2025-08-22 07:27:00,13,12820.0,43.0,1
2025-08-25 17:12:00,Weights (Unison),2025-08-25 17:44:00,9,7750.0,32.0,1
2025-08-27 06:49:00,Weights (Unison),2025-08-27 07:32:00,13,14530.0,43.0,1
2025-08-30 12:33:00,Weights (Unison),2025-08-30 13:16:00,17,15780.0,43.0,1
2025-09-01 06:17:00,Weights (Unison),2025-09-01 07:03:00,16,13370.0,46.0,1
2025-09-03 07:00:00,Weights (Unison),2025-09-03 07:53:00,16,12330.0,53.0,1
2025-09-05 18:44:00,Weights (Unison),2025-09-05 19:22:00,13,12370.0,38.0,1
2025-09-07 11:20:00,Weights (Unison),2025-09-07 12:17:00,19,13536.0,57.0,1
2025-09-08 17:02:00,Weights (Unison),2025-09-08 17:38:00,13,12400.0,36.0,1
2025-09-11 20:17:00,Weights (Unison),2025-09-11 21:10:00,16,12820.0,53.0,1
2025-09-15 17:10:00,Weights (Unison),2025-09-15 17:48:00,13,12560.0,38.0,1
2025-09-17 06:41:00,Weights (Unison),2025-09-17 07:29:00,15,11835.0,48.0,1
2025-09-21 10:57:00,Weights 2 (Unison),2025-09-21 11:49:00,16,13546.0,52.0,1
2025-09-22 16:52:00,Weights 1 (Unison),2025-09-22 17:35:00,13,12420.0,43.0,1
2025-09-25 06:24:00,Weights 2 (Unison),2025-09-25 07:10:00,16,14010.0,46.0,1
2025-09-26 18:33:00,Weights 1 (Unison),2025-09-26 19:20:00,16,13175.0,47.0,1
2025-09-28 20:04:00,Weights 2 (Unison),2025-09-28 20:55:00,16,13680.0,51.0,1
2025-09-29 13:52:00,Weights 1 (Unison),2025-09-29 14:52:00,16,14305.0,60.0,1
2025-10-03 06:59:00,Weights 2 (Unison),2025-10-03 07:44:00,12,14046.0,45.0,1
2025-10-05 14:41:00,Weights 1 (Unison),2025-10-05 15:41:00,16,13200.0,60.0,1
2025-10-06 17:02:00,Weights 2 (Unison),2025-10-06 17:49:00,16,13614.0,47.0,1
2025-10-12 17:31:00,Weights 1 (Unison),2025-10-12 18:31:00,16,12130.0,60.0,1
2025-10-14 06:49:00,Weights 2 (Unison),2025-10-14 07:35:00,16,13424.0,46.0,1
2025-10-17 12:05:00,Weights 1 (Unison),2025-10-17 12:43:00,12,7740.0,38.0,1
2025-10-20 17:02:00,Weights 2 (Unison),2025-10-20 17:49:00,16,13572.0,47.0,1
2025-10-31 06:25:00,Weights 1 (Unison),2025-10-31 07:14:00,16,10030.0,49.0,1
2025-11-01 15:00:00,Weights 2 (Unison),2025-11-01 15:50:00,16,13776.0,50.0,1
2025-11-19 06:11:00,Weights 1 (Unison),2025-11-19 07:01:00,16,10335.0,50.0,1
2025-11-27 09:59:00,Weights 2 (Unison),2025-11-27 10:45:00,16,12406.0,46.0,1
2026-01-05 19:56:00,Weights 1 (Unison),2026-01-05 20:44:00,19,9340.0,48.0,1
2026-01-09 06:32:00,Weights 2 (Unison),2026-01-09 07:18:00,16,11440.0,46.0,1
2026-01-12 18:54:00,Weights 1 (Unison),2026-01-12 19:50:00,19,9836.0,56.0,1
2026-01-14 06:52:00,Weights 2 (Unison),2026-01-14 07:33:00,13,6108.0,41.0,1
2026-01-19 16:25:00,Weights 1 (Unison),2026-01-19 17:14:00,19,9653.0,49.0,1
2026-01-23 06:48:00,Weights 2 (Unison),2026-01-23 07:42:00,19,7452.0,54.0,1
2026-01-25 08:49:00,Weights 1 (Unison),2026-01-25 09:41:00,19,9351.0,52.0,1
2026-01-26 15:27:00,Weights 2 (Unison),2026-01-26 16:08:00,15,5110.0,41.0,1
2026-01-30 06:50:00,Weights 1 (Unison),2026-01-30 07:43:00,19,10460.0,53.0,1
2026-02-01 18:53:00,Weights 2 (Unison),2026-02-01 19:54:00,19,6803.0,61.0,1
2026-02-12 12:28:00,Weights 1 (Unison),2026-02-12 13:11:00,16,10720.0,43.0,1
2026-02-14 10:46:00,Weights 2 (Unison),2026-02-14 11:26:00,13,11310.0,40.0,1
2026-02-15 16:10:00,Weights 1 (Unison),2026-02-15 17:00:00,16,11605.0,50.0,1
2026-02-21 17:58:00,Weights 2 (Unison),2026-02-21 18:50:00,16,12546.0,52.0,1
2026-02-26 06:36:00,Weights 1 (Unison),2026-02-26 07:15:00,9,5952.0,39.0,1
2026-04-06 17:05:00,Weights 1 (Unison),2026-04-06 17:48:00,16,11160.0,43.0,1
2026-04-15 20:12:00,Weights 2 (Unison),2026-04-15 20:56:00,16,10424.0,44.0,1
2026-04-18 18:17:00,Weights 1 (Unison),2026-04-18 19:10:00,16,12260.0,53.0,1
2026-04-27 14:08:00,Weights 2 (Unison),2026-04-27 14:53:00,16,11149.0,45.0,1
2026-05-10 16:39:00,Weights 1 (Unison),2026-05-10 17:26:00,16,11130.0,47.0,1
2026-05-13 17:49:00,Weights 2 (Unison),2026-05-13 18:35:00,16,11964.0,46.0,1
2026-05-17 15:56:00,Weights 1 (Unison),2026-05-17 16:50:00,16,11640.0,54.0,1
2026-05-20 19:24:00,Weights 2 (Unison),2026-05-20 20:17:00,16,12132.0,53.0,1
2026-05-23 10:47:00,Weights 1 (Unison),2026-05-23 11:14:00,10,8730.0,27.0,1
2026-05-28 19:18:00,Weights 2 (Unison),2026-05-28 20:13:00,14,12076.0,55.0,1
2026-06-03 19:06:00,Weights A - Squat Day,2026-06-03 20:02:00,19,9680.0,56.0,1
2026-06-07 14:01:00,Weights B - Stablity & Posterior Chain,2026-06-07 14:43:00,16,5000.0,42.0,1
2026-06-08 19:55:00,Weights C - Recovery & Isolation,2026-06-08 20:33:00,16,8256.0,38.0,1
2026-06-11 19:49:00,Weights D - Pull & Power,2026-06-11 20:27:00,15,9946.0,38.0,1
2026-06-14 20:22:00,Weights A - Squat Day,2026-06-14 21:16:00,19,10095.0,54.0,1
2026-06-20 13:16:00,Weights B - Stablity & Posterior Chain,2026-06-20 13:59:00,16,5334.0,43.0,1
2026-06-21 13:59:00,Weights C - Recovery & Isolation,2026-06-21 14:40:00,16,8494.0,41.0,1
2026-06-27 09:20:00,Weights D - Pull & Power,2026-06-27 09:58:00,15,10672.0,38.0,1
2026-07-05 14:27:00,Weights A - Squat Day,2026-07-05 15:16:00,19,10145.0,49.0,1
2026-07-19 15:24:00,Weights B - Stablity & Posterior Chain,2026-07-19 16:07:00,16,5214.0,43.0,1
2026-07-26 14:21:00,Weights C - Recovery & Isolation,2026-07-26 15:03:00,16,8790.0,42.0,1
2026-07-27 19:35:00,Weights D - Pull & Power,2026-07-27 20:17:00,15,10042.0,42.0,1
2026-07-29 19:57:00,Weights A - Squat Day,2026-07-29 20:57:00,19,10855.0,60.0,1
2026-07-31 12:02:00,Weights B - Stablity & Posterior Chain,2026-07-31 12:46:00,16,5740.0,44.0,1
2026-08-02 10:52:00,Weights C - Recovery & Isolation,2026-08-02 11:39:00,19,11036.0,47.0,1
2026-08-07 11:52:00,Weights D - Pull & Power,2026-08-07 12:36:00,15,11030.0,44.0,1
2026-08-09 12:37:00,Weights A - Squat Day,2026-08-09 13:34:00,19,11045.0,57.0,1
2026-08-10 11:59:00,Weights B - Stablity & Posterior Chain,2026-08-10 12:41:00,16,5908.0,42.0,1
2026-08-14 12:07:00,Weights C - Recovery & Isolation,2026-08-14 12:45:00,19,10892.0,38.0,1
2026-08-20 11:57:00,Weights D - Pull & Power,2026-08-20 12:37:00,15,11760.0,40.0,1
2026-08-21 11:53:00,Weights A - Squat Day,2026-08-21 12:38:00,17,8670.0,45.0,1
2026-09-06 09:42:00,Weights B - Stablity & Posterior Chain,2026-09-06 10:27:00,16,6578.0,45.0,1
2026-09-07 16:58:00,Weights C - Recovery & Isolation,2026-09-07 17:38:00,19,9412.0,40.0,1
2026-09-11 12:03:00,Weights D - Pull & Power,2026-09-11 12:42:00,15,11740.0,39.0,1
2026-09-12 16:55:00,Weights A - Squat Day,2026-09-12 17:54:00,19,9880.0,59.0,1
2026-09-14 17:26:00,Weights B - Stablity & Posterior Chain,2026-09-14 18:07:00,16,6272.0,41.0,1
2026-09-20 20:20:00,Weights C - Recovery & Isolation,2026-09-20 21:04:00,19,9886.0,44.0,1
2026-09-26 19:45:00,Weights D - Pull & Power,2026-09-26 20:29:00,15,11164.0,44.0,1
