,weight,fat,bf,muscle,water,steps,sleep_hours,sleep_hr,awake_hours,sessions,sets,volume,minutes,weigh_days,step_days,sleep_days,fat_change_1w,fat_change_2w,fat_change_4w,weight_change_1w,weight_change_2w,weight_change_4w,bf_change_1w,bf_change_2w,bf_change_4w
2022-01-09,,,,,,,,,,,,,,0,0,0,,,,,,,,,
2022-01-16,85.264,24.762,29.059743778943037,57.416,43.214,,,,,,,,,5,0,0,1.8129999999999988,1.2179999999999964,1.3254999999999981,-0.534000000000006,-0.7039999999999935,-1.626499999999993,2.3043899141369764,1.6638996121514538,2.129091247738252
2022-01-23,84.72999999999999,26.575,31.364133693080014,55.165000000000006,42.010000000000005,,,,,,,,,2,0,0,-0.5950000000000024,-0.9250000000000007,-1.5449999999999982,-0.1699999999999875,-0.3199999999999932,-1.2949999999999875,-0.6404903019855226,-0.9768450741121129,-1.3662778139740723
2022-01-30,84.56,25.979999999999997,30.72364339109449,55.575,42.144999999999996,,,,,,,,,2,0,0,-0.3299999999999983,0.1075000000000017,,-0.15000000000000568,-0.9224999999999994,,-0.33635477212659026,0.4651916355867982,
2022-02-06,84.41,25.65,30.3872886189679,55.745000000000005,42.185,,,,,,,,,2,0,0,0.4375,-0.6199999999999974,-0.5700000000000003,-0.7724999999999937,-0.9749999999999943,-1.039999999999992,0.8015464077133885,-0.3894327398619595,-0.30415552508888766
2022-02-13,83.6375,26.0875,31.18883502668129,54.572500000000005,41.5225,,,,,,,,,2,0,0,-1.0574999999999974,,,-0.20250000000000057,,,-1.190979147575348,,
2022-02-20,83.435,25.03,29.99785587910594,55.41,41.82,,,,,,,,,2,0,0,,0.04999999999999716,,,-0.06499999999999773,,,0.08527721477307182,
2022-02-27,,,,,,,,,,,,,,1,0,0,,,,,,,,,
2022-03-06,83.37,25.08,30.083133093879013,55.3,41.754999999999995,,,,,,,,,2,0,0,,,,,,,,,
2022-03-13,,,,,,,,,,,,,,1,0,0,,,,,,,,,
2022-03-20,,,,,,,,,,,,,,1,0,0,,,,,,,,,
2022-03-27,83.65333333333332,25.32,30.33514233036106,55.165,41.715,,,,,,,,,2,0,0,,,,,,,,,
2022-04-03,,,,,,,,,,,,,,0,0,0,,,,,,,,,
2022-04-10,,,,,,,,,,,,,,1,0,0,,,,,,,,,
2022-04-17,,,,,,,,,,,,,,0,0,0,,,,,,,,,
2022-04-24,,,,,,,,,,,,,,0,0,0,,,,,,,,,
2022-05-01,,,,,,,,,,,,,,0,0,0,,,,,,,,,
2022-05-08,,,,,,,,,,,,,,0,0,0,,,,,,,,,
2022-05-15,,,,,,,,,,,,,,0,0,0,,,,,,,,,
2022-05-22,,,,,,,,,,,,,,0,0,0,,,,,,,,,
2022-05-29,,,,,,,,,,,,,,0,0,0,,,,,,,,,
2022-06-05,,,,,,,,,,,,,,0,0,0,,,,,,,,,
2022-06-12,,,,,,,,,,,,,,0,0,0,,,,,,,,,
2022-06-19,,,,,,,,,,,,,,0,0,0,,,,,,,,,
2022-06-26,,,,,,,,,,,,,,0,0,0,,,,,,,,,
2022-07-03,,,,,,,,,,,,,,0,0,0,,,,,,,,,
2022-07-10,,,,,,,,,,,,,,0,0,0,,,,,,,,,
2022-07-17,,,,,,,,,,,,,,0,0,0,,,,,,,,,
2022-07-24,,,,,,,,,,,,,,0,0,0,,,,,,,,,
2022-07-31,,,,,,,,,,,,,,0,0,0,,,,,,,,,
2022-08-07,,,,,,,,,,,,,,0,0,0,,,,,,,,,
2022-08-14,,,,,,,,,,,,,,0,0,0,,,,,,,,,
2022-08-21,,,,,,,,,,,,,,0,0,0,,,,,,,,,
2022-08-28,,,,,,,,,,,,,,0,0,0,,,,,,,,,
2022-09-04,,,,,,,,,,,,,,0,0,0,,,,,,,,,
2022-09-11,,,,,,,,,,,,,,0,0,0,,,,,,,,,
2022-09-18,,,,,,,,,,,,,,0,0,0,,,,,,,,,
2022-09-25,,,,,,,,,,,,,,0,0,0,,,,,,,,,
2022-10-02,,,,,,,,,,,,,,0,0,0,,,,,,,,,
2022-10-09,,,,,,,,,,,,,,0,0,0,,,,,,,,,
2022-10-16,,,,,,,,,,,,,,0,0,0,,,,,,,,,
2022-10-23,,,,,,,,,,,,,,1,0,0,,,,,,,,,
2022-10-30,,,,,,3124.2,,,,,,,,0,5,0,,,,,,,,,
2022-11-06,,,,,,4713.571428571428,,,,,,,,0,7,0,,,,,,,,,
2022-11-13,,,,,,5750.571428571428,,,,,,,,0,7,3,,,,,,,,,
2022-11-20,,,,,,3718.0,6.692857142857143,66.0,0.6190476190476192,,,,,0,5,7,,,,,,,,,
2022-11-27,,,,,,3883.714285714286,5.71,70.4,0.6466666666666667,,,,,1,7,5,,,,,,,,,
2022-12-04,77.93666666666667,21.05,26.99067771789271,54.004999999999995,40.010000000000005,3958.5714285714284,,,,,,,,2,7,1,-1.1966666666666654,,,-0.28000000000000114,,,-1.424075856327267,,
2022-12-11,77.65666666666667,19.853333333333335,25.56660186156544,54.86333333333334,40.39666666666667,4463.428571428572,5.859523809523809,64.14285714285714,0.43571428571428567,,,,,3,7,7,,,-0.39000000000000057,,,-1.0633333333333468,,,-0.13592255286473431
2022-12-18,,,,,,4829.714285714285,7.392857142857143,60.142857142857146,0.4261904761904762,,,,,1,7,7,,,,,,,,,
2022-12-25,,,,,,3609.714285714286,7.178571428571429,61.0,0.6523809523809524,,,,,1,7,7,,,,,,,,,
2023-01-01,,,,,,2520.8571428571427,8.27,58.4,0.54,2.0,40.0,14760.0,69.0,1,7,5,,,,,,,,,
2023-01-08,76.59333333333332,19.463333333333335,25.430679308700707,54.169999999999995,39.98,2956.1428571428573,6.641666666666667,62.666666666666664,0.45,1.0,20.0,7770.0,35.0,3,7,6,0.5033333333333339,-0.24533333333333474,-0.5966666666666676,-0.2666666666666515,-0.34533333333331484,-1.0933333333333195,0.7288904300954044,-0.22583216755192126,-0.43977809291739334
2023-01-15,76.32666666666667,19.96666666666667,26.15956973879611,53.47666666666667,39.556666666666665,4722.571428571428,6.845238095238096,60.42857142857143,0.5071428571428571,2.0,40.0,16398.0,74.0,3,7,7,-0.7486666666666686,-0.6886666666666699,-1.3816666666666677,-0.07866666666666333,-0.36266666666666936,-1.7066666666666634,-0.9547225976473257,-0.7831391457394083,-1.2529796994745617
2023-01-22,76.248,19.218,25.204847141148786,54.129999999999995,39.902,3486.714285714286,7.397619047619047,60.285714285714285,0.47857142857142854,1.0,20.0,8514.0,83.0,5,7,7,0.05999999999999872,-0.35133333333333283,-1.2929999999999993,-0.284000000000006,-0.7480000000000047,-2.239666666666679,0.17158345190791735,-0.21394592536547208,-0.9836802016838782
2023-01-29,75.964,19.278,25.376430593056703,53.8,39.66799999999999,2056.8571428571427,7.085714285714286,59.285714285714285,0.4880952380952381,1.0,20.0,7032.0,76.0,5,7,7,-0.41133333333333155,-0.6929999999999978,-1.972999999999999,-0.46399999999999864,-1.343999999999994,-3.399000000000001,-0.38552937727338943,-0.4698405537351533,-1.5282075968851103
2023-02-05,75.5,18.866666666666667,24.990901215783314,53.74666666666667,39.57,3623.714285714286,6.895238095238095,59.42857142857143,0.5857142857142856,0.0,0.0,0.0,0.0,3,7,7,-0.2816666666666663,-0.9416666666666664,-1.4391666666666687,-0.8799999999999955,-1.4916666666666742,-1.914999999999992,-0.08431117646176389,-0.7697342763184061,-1.3066705994910883
2023-02-12,74.62,18.585,24.90659003932155,53.18,39.105000000000004,4646.142857142857,6.25,62.714285714285715,0.7523809523809524,0.0,0.0,0.0,0.0,2,7,7,-0.6600000000000001,-1.2800000000000011,-1.1283333333333339,-0.6116666666666788,-2.055000000000007,-0.9333333333333371,-0.6854230998566422,-1.058367043149957,-1.2143272619754164
2023-02-19,74.00833333333333,17.925,24.221166939464908,53.225,39.028333333333336,3293.714285714286,6.269047619047619,61.714285714285715,0.5714285714285714,1.0,20.0,7238.0,88.0,6,7,7,-0.620000000000001,-0.4975000000000023,-0.9329999999999998,-1.443333333333328,-0.4233333333333178,-0.8423333333333147,-0.3729439432933148,-0.5369363231726823,-0.996526543166091
2023-02-26,72.565,17.305,23.848222996171593,52.435,38.334999999999994,3357.1428571428573,5.314285714285715,62.285714285714285,0.65,0.0,0.0,0.0,0.0,2,7,7,0.12249999999999872,0.15166666666666728,-0.4783333333333317,1.0200000000000102,1.1216666666666697,0.49166666666667425,-0.16399237987936743,-0.1559602188254594,-0.8161062476272392
2023-03-05,73.58500000000001,17.4275,23.684230616292226,53.2975,39.0075,4514.428571428572,6.777777777777779,61.666666666666664,0.5750000000000001,1.0,15.0,5886.0,26.0,4,7,6,0.02916666666666856,-0.43549999999999756,-0.3524999999999956,0.10166666666665947,-0.41899999999999693,-0.5200000000000102,0.008032161053908027,-0.45959021999340877,-0.31478866319550036
2023-03-12,73.68666666666667,17.456666666666667,23.692262777346134,53.370000000000005,39.06666666666667,4739.428571428572,5.745238095238095,62.714285714285715,0.7166666666666667,0.0,0.0,0.0,0.0,3,7,7,-0.4646666666666661,-0.629999999999999,-0.20000000000000284,-0.5206666666666564,-0.6299999999999955,-0.6000000000000085,-0.4676223810473168,-0.6601460288017797,-0.08083726551205217
2023-03-19,73.16600000000001,16.992,23.224640396298817,53.32000000000001,38.964,4017.5714285714284,6.814285714285715,66.14285714285714,0.5642857142857143,0.0,0.0,0.0,0.0,5,7,7,-0.1653333333333329,0.08300000000000196,-0.14700000000000202,-0.10933333333333906,-0.1010000000000133,-0.20100000000000762,-0.19252364775446296,0.1448015567979084,-0.1381882591556014
2023-03-26,73.05666666666667,16.826666666666668,23.032116748544354,53.373333333333335,38.98,5108.571428571428,6.754761904761905,60.857142857142854,0.569047619047619,1.0,19.0,7116.0,34.0,3,7,7,0.24833333333333485,0.42999999999999616,1.5608333333333313,0.008333333333325754,0.029999999999986926,1.2433333333333252,0.33732520455237136,0.5793087632897276,1.716320462310378
2023-04-02,73.065,17.075000000000003,23.369441953096725,53.14,38.835,3683.285714285714,7.311111111111111,60.833333333333336,0.6361111111111111,0.0,0.0,0.0,0.0,2,7,6,0.18166666666666131,-0.23000000000000398,0.3283333333333296,0.021666666666661172,-0.09999999999999432,0.8149999999999977,0.24198355873735622,-0.2829898159535098,0.1887575278017657
2023-04-09,73.08666666666666,17.256666666666664,23.61142551183408,52.98666666666667,38.73666666666667,4289.857142857143,8.09047619047619,62.142857142857146,0.511904761904762,0.0,0.0,0.0,0.0,3,7,7,-0.4116666666666653,1.1308333333333351,0.370000000000001,-0.12166666666665549,1.2133333333333383,0.5333333333333456,-0.524973374690866,1.1370116990206505,0.3296494266168999
2023-04-16,72.965,16.845,23.086452137143215,53.27,38.9,4370.285714285715,6.383333333333334,62.4,0.6966666666666667,0.0,0.0,0.0,0.0,2,7,5,1.5425000000000004,0.5583333333333336,0.30500000000000327,1.3349999999999937,0.914999999999992,0.9116666666666617,1.6619850737115165,0.4717473437552755,0.12982542851992207
2023-04-23,74.3,18.3875,24.748437210854732,53.057500000000005,38.965,5139.428571428572,7.119047619047619,65.85714285714286,0.5071428571428571,0.0,0.0,0.0,0.0,4,7,7,-0.9841666666666669,-0.7608333333333341,-0.9974999999999987,-0.4200000000000017,-0.6799999999999926,-0.5249999999999915,-1.190237729956241,-0.8073622724037506,-1.1703561792856156
2023-04-30,73.88,17.403333333333332,23.55819948089849,53.61000000000001,39.24,3123.1428571428573,7.078571428571428,65.42857142857143,0.8142857142857142,0.0,0.0,0.0,0.0,3,7,7,0.22333333333333272,-0.2533333333333303,0.10000000000000142,-0.2599999999999909,-0.0033333333333303017,-0.5133333333333212,0.3828754575524904,-0.3419219152353534,0.29923442350477814
2023-05-07,73.62,17.626666666666665,23.94107493845098,53.14000000000001,38.91,4633.571428571428,7.333333333333334,67.71428571428571,0.9285714285714286,0.0,0.0,0.0,0.0,3,7,7,-0.476666666666663,-0.23666666666666458,-0.31666666666666643,0.2566666666666606,0.15500000000000114,-0.3499999999999943,-0.7247973727878438,-0.36299390688186506,-0.3356388289602812
2023-05-14,73.87666666666667,17.150000000000002,23.216277565663137,53.85,39.38333333333333,3851.8571428571427,7.464285714285714,66.14285714285714,0.7547619047619047,0.0,0.0,0.0,0.0,3,7,7,0.23999999999999844,0.3533333333333317,0.47333333333332916,-0.10166666666665947,-0.5099999999999909,0.18999999999999773,0.3618034659059788,0.6411563387401316,0.577001287131246
2023-05-21,73.775,17.39,23.578081031569116,53.519999999999996,39.1725,2806.5714285714284,8.126190476190477,63.285714285714285,0.5261904761904762,0.0,0.0,0.0,0.0,4,7,7,0.11333333333333329,-0.08000000000000185,-0.2900000000000027,-0.40833333333333144,-0.5049999999999955,-1.4500000000000028,0.2793528728341528,0.02735507792158387,0.02735405818364356
2023-05-28,73.36666666666667,17.503333333333334,23.85743390440327,53.01666666666667,38.79333333333333,3308.4285714285716,7.302380952380952,66.14285714285714,0.6238095238095239,0.0,0.0,0.0,0.0,3,7,7,-0.19333333333333513,0.11999999999999744,-0.7433333333333358,-0.09666666666666401,0.6999999999999886,-0.5541666666666742,-0.2519977949125689,-0.06415505160888557,-0.8401672461171614
2023-06-04,73.27000000000001,17.31,23.6054361094907,53.16,38.88333333333333,3814.714285714286,8.033333333333333,67.71428571428571,0.48095238095238096,1.0,30.0,9108.0,139.0,3,7,7,0.3133333333333326,-0.21000000000000085,,0.7966666666666526,-0.9450000000000074,,0.18784274330368333,-1.0197379403109608e-06,
2023-06-11,74.06666666666666,17.62333333333333,23.793278852794383,53.57666666666666,39.233333333333334,2025.4285714285713,8.502380952380951,66.14285714285714,0.4714285714285714,1.0,30.0,9108.0,48.0,6,7,7,-0.5233333333333334,-0.8633333333333333,,-1.74166666666666,-1.2541666666666629,,-0.18784376304162365,-0.7760121945082759,
2023-06-18,72.325,17.099999999999998,23.60543508975276,52.52,38.35333333333333,3082.4285714285716,8.90952380952381,69.42857142857143,0.9619047619047619,0.0,0.0,0.0,0.0,3,7,7,-0.33999999999999986,,-0.18499999999999872,0.48749999999999716,,1.664999999999992,-0.5881684314666522,,-0.7446458950372019
2023-06-25,72.8125,16.759999999999998,23.017266658286108,53.2025,38.835,4318.428571428572,8.257142857142856,60.42857142857143,0.5285714285714286,1.0,30.0,9108.0,49.0,4,7,7,,,0.2900000000000027,,,0.605000000000004,,,0.206128269609259
2023-07-02,,,,,,4674.0,8.416666666666666,64.57142857142857,0.2714285714285714,0.0,0.0,0.0,0.0,1,7,7,,,,,,,,,
2023-07-09,,,,,,5116.428571428572,7.933333333333333,70.14285714285714,0.8047619047619047,0.0,0.0,0.0,0.0,1,7,7,,,,,,,,,
2023-07-16,73.99,16.915,22.860789194715558,54.185,39.605000000000004,7212.857142857143,7.8999999999999995,68.57142857142857,0.4976190476190476,1.0,30.0,9318.0,47.0,2,7,7,0.13500000000000156,-0.3049999999999997,-0.3299999999999983,-0.5724999999999909,-0.75,-1.134999999999991,0.3626057331798087,-0.1820764018424903,-0.09614045426486939
2023-07-23,73.4175,17.05,23.223394927895367,53.505,39.1,5225.857142857143,7.616666666666666,67.0,0.5166666666666667,1.0,30.0,9648.0,49.0,4,7,7,-0.4400000000000013,-0.16000000000000014,-0.28000000000000114,-0.1775000000000091,-0.2875000000000085,0.0658333333333303,-0.544682135022299,-0.12745082360630633,-0.4009625720062324
2023-07-30,73.24,16.61,22.678712792873068,53.76333333333333,39.24333333333333,4321.142857142857,7.911904761904762,64.0,0.5904761904761904,0.0,0.0,0.0,0.0,3,7,7,0.28000000000000114,-0.02499999999999858,0.1999999999999993,-0.10999999999999943,-0.3849999999999909,0.05333333333334167,0.4172313114159927,0.08593594757762091,0.2569927974678379
2023-08-06,73.13,16.89,23.09594410428906,53.38666666666666,38.98,6395.142857142857,7.678571428571429,64.0,0.21428571428571427,0.0,0.0,0.0,0.0,3,7,7,-0.3049999999999997,-0.120000000000001,,-0.2749999999999915,0.35333333333333883,,-0.33129536383837177,-0.2735117483999261,
2023-08-13,72.855,16.585,22.76464874045069,53.415,38.97,4509.571428571428,7.9944444444444445,68.33333333333333,0.3194444444444444,1.0,30.0,9762.0,48.0,4,7,6,0.18499999999999872,0.22499999999999787,-0.39000000000000057,0.6283333333333303,0.4383333333333326,-0.9650000000000034,0.05778361543844568,0.17105684989021697,-0.23732859619687474
2023-08-20,73.48333333333333,16.77,22.822432355889134,53.84166666666667,39.321666666666665,6911.0,8.128571428571428,65.28571428571429,0.35000000000000003,1.0,30.0,10140.0,45.0,6,7,7,0.03999999999999915,,-0.2699999999999996,-0.18999999999999773,,-1.0153333333333308,0.11327323445177129,,-0.05282961049768531
2023-08-27,73.29333333333334,16.81,22.935705590340906,53.620000000000005,39.153333333333336,6315.857142857143,7.3238095238095235,64.14285714285714,0.3595238095238095,2.0,57.0,20196.0,87.0,3,7,7,,-0.6149999999999984,0.03333333333333499,,-1.403333333333336,-0.030000000000001137,,-0.4083854460870917,0.053256886044778184
2023-09-03,,,,,,4946.142857142857,7.295238095238095,64.57142857142857,0.4404761904761905,1.0,30.0,10494.0,44.0,1,7,7,,,,,,,,,
2023-09-10,71.89,16.195,22.527320144253814,52.8625,38.4875,4692.142857142857,7.113333333333332,61.0,0.32,1.0,30.0,10602.0,114.0,4,7,5,0.3049999999999997,0.6483333333333334,,0.578000000000003,1.3733333333333348,,0.2422826011376351,0.4616423321318699,
2023-09-17,72.468,16.5,22.76960274539145,53.124,38.727999999999994,4596.428571428572,6.321428571428571,64.0,0.5619047619047619,1.0,30.0,10746.0,49.0,5,7,7,0.3433333333333337,0.11500000000000199,0.4125000000000014,0.7953333333333319,0.4519999999999982,-0.12050000000000693,0.21935973099423478,0.015261479645669596,0.6074823393624946
2023-09-24,73.26333333333334,16.843333333333334,22.988962476385684,53.55666666666667,39.10666666666666,3856.8571428571427,7.154761904761905,64.85714285714286,0.5238095238095238,1.0,30.0,10974.0,51.0,3,7,7,-0.22833333333333172,,-0.22666666666667012,-0.3433333333333337,,-0.5466666666666811,-0.20409825134856519,,-0.1381757073205776
2023-10-01,72.92,16.615000000000002,22.78486422503712,53.445,38.989999999999995,4999.0,,,,0.0,0.0,0.0,0.0,2,7,3,,0.29749999999999943,-0.19000000000000128,,-0.5725000000000051,-0.5324999999999989,,0.592220859716825,-0.09497835467605853
2023-10-08,,,,,,7108.0,,,,1.0,30.0,11430.0,43.0,1,7,2,,,,,,,,,
2023-10-15,72.3475,16.9125,23.377085084753944,52.6075,38.3775,2194.0,7.347619047619048,64.57142857142857,0.7952380952380952,1.0,30.0,11490.0,44.0,4,7,7,-0.29583333333333783,-0.4875000000000007,0.0799999999999983,0.36916666666665776,0.04000000000000625,0.5600000000000023,-0.5262983156888374,-0.6871992143928836,-0.06963960907881273
2023-10-22,72.71666666666665,16.616666666666664,22.850786769065106,53.25666666666666,38.833333333333336,5386.285714285715,7.366666666666666,62.285714285714285,0.3952380952380952,1.0,27.0,10590.0,46.0,3,7,7,-0.19166666666666288,0.043333333333336554,-0.38866666666666205,-0.3291666666666515,-0.14666666666666117,-0.037666666666652304,-0.1609008987040461,0.1072493570550428,-0.5215011744733253
2023-10-29,72.3875,16.425,22.68988587036106,53.1225,38.71,3859.4285714285716,7.383333333333333,64.42857142857143,0.380952380952381,2.0,20.0,2828.0,78.0,4,7,7,0.23499999999999943,0.567499999999999,-0.3099999999999987,0.18249999999999034,0.519999999999996,-0.24250000000000682,0.2681502557590889,0.6175596053140708,-0.35390488961268574
2023-11-05,72.57,16.66,22.95803612612015,53.07,38.7,6041.428571428572,7.652380952380952,61.714285714285715,0.3166666666666667,0.0,0.0,0.0,0.0,2,7,7,0.3324999999999996,-0.4319999999999986,-0.6183333333333323,0.3375000000000057,0.10900000000000887,-0.2916666666666572,0.34940934955498193,-0.6287505315283681,-0.7634969229266382
2023-11-12,72.9075,16.9925,23.30744547567513,53.0725,38.74,5099.714285714285,7.133333333333334,63.0,0.32142857142857145,1.0,30.0,11610.0,48.0,4,7,7,-0.7644999999999982,-0.8774999999999977,-0.8499999999999979,-0.22849999999999682,-0.7625000000000028,-0.39750000000000796,-0.9781598810833501,-0.9714644949267566,-1.0455580314310566
2023-11-19,72.679,16.228,22.32928559459178,53.589,39.06,5735.571428571428,6.873809523809524,62.57142857142857,0.6785714285714286,2.0,44.0,12452.0,84.0,5,7,7,-0.11299999999999955,-0.18633333333333368,0.6444999999999972,-0.534000000000006,-0.40066666666666606,0.5985000000000014,0.006695386156593486,-0.13474639139827005,0.696151915195415
2023-11-26,72.145,16.115000000000002,22.335980980748374,53.185,38.725,5897.428571428572,6.292857142857143,61.857142857142854,0.5833333333333334,0.0,0.0,0.0,0.0,4,7,7,-0.07333333333333414,0.027499999999999858,1.1430000000000007,0.13333333333333997,0.3649999999999949,1.315000000000012,-0.14144177755486353,-0.07409353650430006,1.15727038377441
2023-12-03,72.27833333333334,16.041666666666668,22.19453920319351,53.39000000000001,38.873333333333335,7119.285714285715,,,,1.0,24.0,10170.0,44.0,3,7,2,0.100833333333334,0.8308333333333309,1.0463333333333331,0.23166666666665492,0.9991666666666674,1.0216666666666612,0.06734824105056347,0.830898306593685,1.1182203830986381
2023-12-10,72.50999999999999,16.142500000000002,22.261887444244074,53.51,38.985,5979.142857142857,7.336111111111111,67.0,0.39444444444444443,2.0,60.0,24318.0,102.0,4,7,6,0.7299999999999969,1.1155000000000008,1.131499999999999,0.7675000000000125,0.950000000000017,1.1680000000000064,0.7635500655431215,1.2313639202787101,1.1849641306725083
2023-12-17,73.2775,16.8725,23.025437509787196,53.5425,39.09,7602.285714285715,6.578571428571429,64.42857142857143,0.6690476190476191,1.0,30.0,12498.0,60.0,4,7,7,0.38550000000000395,0.21550000000000225,0.807500000000001,0.18250000000000455,0.022499999999993747,0.7624999999999886,0.46781385473558856,0.2873220765049531,0.8539084278122999
2023-12-24,73.46000000000001,17.258000000000003,23.493251364522784,53.34400000000001,38.986000000000004,5950.0,7.04047619047619,63.142857142857146,0.6166666666666666,1.0,30.0,12382.0,51.0,5,7,7,-0.1700000000000017,0.015999999999998238,0.6003333333333316,-0.1600000000000108,0.2179999999999893,0.5416666666666572,-0.18049177823063545,-0.046399789606201836,0.6387029520430438
2023-12-31,73.3,17.088,23.31275958629215,53.355999999999995,38.965999999999994,2963.0,7.442857142857143,63.714285714285715,0.4523809523809524,4.0,97.0,23460.0,187.0,5,7,7,0.18599999999999994,0.5919999999999987,0.46199999999999974,0.3780000000000001,0.7399999999999949,1.0150000000000006,0.1340919886244336,0.5665863513073468,0.30241881780801094
2024-01-07,73.678,17.274,23.446851574916582,53.54,39.136,2379.5714285714284,7.097619047619048,64.71428571428571,0.5428571428571428,2.0,53.0,13698.0,95.0,5,7,7,0.4059999999999988,0.5843333333333334,0.5109999999999992,0.36199999999999477,0.3236666666666679,0.8803333333333399,0.4324943626829132,0.6851027416492457,0.4078829770244674
2024-01-14,74.03999999999999,17.68,23.879345937599496,53.495,39.1525,4241.571428571428,7.042857142857143,61.714285714285715,0.7452380952380953,2.0,60.0,26106.0,107.0,4,7,7,0.17833333333333456,-0.129999999999999,-0.41499999999999915,-0.03833333333332689,0.2750000000000057,-0.2949999999999875,0.2526083789663325,-0.26416753349933586,-0.4662207374725966
2024-01-21,74.00166666666667,17.858333333333334,24.131954316565828,53.285,39.01833333333333,3524.0,7.392857142857143,60.142857142857146,0.6714285714285715,1.0,29.0,13116.0,58.0,6,7,7,-0.30833333333333357,-0.07333333333333414,-0.701666666666668,0.3133333333333326,0.556666666666672,-1.0150000000000006,-0.5167759124656683,-0.27721976462477826,-0.6253710955467433
2024-01-28,74.315,17.55,23.61517840410016,53.885,39.435,8212.714285714286,6.706666666666666,61.8,0.47000000000000003,1.0,30.0,13128.0,52.0,2,7,5,0.23499999999999943,-0.28500000000000014,-0.13666666666666671,0.2433333333333394,-0.5699999999999932,-0.588333333333324,0.23955614784089008,-0.20205320397326076,0.003123448064389578
2024-02-04,74.55833333333334,17.785,23.85473455194105,53.895,39.471666666666664,7216.571428571428,6.90952380952381,61.57142857142857,0.5904761904761904,1.0,30.0,13638.0,55.0,6,7,7,-0.5199999999999996,-0.6283333333333339,-0.14999999999999858,-0.8133333333333326,-1.5716666666666725,-1.2558333333333422,-0.44160935181415084,-0.34815133092196504,0.2038792955621851
2024-02-11,73.745,17.265,23.4131252001269,53.615,39.1825,9313.57142857143,6.797222222222222,60.333333333333336,0.5638888888888889,0.0,0.0,0.0,0.0,4,7,6,-0.10833333333333428,0.14833333333333343,0.7774999999999999,-0.75833333333334,-0.01833333333333087,0.16499999999999204,0.0934580208921858,0.20517665203765034,0.9979794404288853
2024-02-18,72.98666666666666,17.156666666666666,23.506583221019085,52.99,38.69,6494.571428571428,6.592857142857143,58.714285714285715,0.6523809523809524,1.0,21.0,11250.0,45.0,3,7,7,0.2566666666666677,0.4783333333333353,0.2866666666666653,0.7400000000000091,0.3158333333333303,0.8533333333333388,0.11171863114546454,0.5520306264841501,0.11717473093866815
2024-02-25,73.72666666666667,17.413333333333334,23.61830185216455,53.45333333333334,39.08,4762.571428571428,7.308333333333334,62.666666666666664,0.5944444444444444,2.0,67.0,28470.0,114.0,3,7,6,0.22166666666666757,0.6291666666666664,0.32666666666666444,-0.4241666666666788,0.1833333333333229,0.86666666666666,0.4403119953386856,0.792802788391235,0.16476739573889532
2024-03-03,73.3025,17.635,24.058613847503235,52.832499999999996,38.64,3632.4285714285716,7.09047619047619,59.714285714285715,0.630952380952381,1.0,34.0,16308.0,64.0,4,7,7,0.40749999999999886,-0.19166666666666998,0.33833333333333115,0.6075000000000017,0.5375000000000085,1.0608333333333348,0.3524907930525494,-0.434855895545482,0.11009750110381233
2024-03-10,73.91,18.0425,24.411104640555784,53.0225,38.84,3130.4285714285716,7.163888888888889,62.5,0.5416666666666666,2.0,68.0,32024.0,141.0,4,7,6,-0.5991666666666688,-0.302500000000002,0.2749999999999986,-0.06999999999999318,0.6833333333333371,0.5600000000000023,-0.7873466885980314,-0.6280353926523397,0.188629501409892
2024-03-17,73.84,17.44333333333333,23.623757951957753,53.53,39.14,1547.0,6.985714285714286,63.57142857142857,0.5904761904761905,2.0,65.0,31660.0,159.0,3,7,7,0.29666666666666686,0.5300000000000011,1.3006666666666682,0.7533333333333303,0.5233333333333263,1.1409999999999911,0.1593112959456917,0.5449533966492943,1.3741112615486912
2024-03-24,74.59333333333333,17.74,23.783069247903445,53.97,39.51666666666667,3471.5714285714284,5.916666666666667,63.0,0.6694444444444444,3.0,77.0,41216.0,171.0,3,7,6,0.23333333333333428,0.5775000000000006,0.6739999999999995,-0.23000000000000398,-0.12333333333333485,0.16466666666666185,0.3856421007036026,0.8166648940622316,0.8492351339961886
2024-03-31,74.36333333333333,17.973333333333333,24.168711348607047,53.52,39.20666666666667,4731.285714285715,7.1433333333333335,63.8,0.72,3.0,81.0,54910.0,146.0,3,7,5,0.3441666666666663,0.770666666666667,0.5600000000000023,0.10666666666666913,0.6176666666666648,0.5300000000000011,0.43102279335862903,0.8291578648993969,0.577623864264222
2024-04-07,74.47,18.3175,24.599734141965676,53.2925,39.085,3153.285714285714,7.444444444444444,62.0,0.5388888888888889,3.0,102.0,60452.0,207.0,4,7,6,0.42650000000000077,0.09649999999999892,0.4825000000000017,0.5109999999999957,0.2879999999999967,0.7266666666666595,0.3981350715407679,0.03257023993395691,0.40118630093009955
2024-04-14,74.981,18.744,24.997869213506444,53.370000000000005,39.20399999999999,5617.285714285715,7.4750000000000005,63.833333333333336,0.38333333333333336,2.0,68.0,40000.0,120.0,5,7,6,-0.33000000000000185,-0.21066666666666478,-0.18733333333333135,-0.22299999999999898,-0.08766666666666367,0.1290000000000049,-0.36556483160681097,-0.25153400063517495,-0.29159089215850287
2024-04-21,74.758,18.413999999999998,24.632304381899633,53.474000000000004,39.232,4938.714285714285,7.566666666666667,61.0,0.7714285714285715,3.0,99.0,59350.0,198.0,5,7,7,0.11933333333333707,0.3860000000000028,-0.5473333333333343,0.1353333333333353,0.43866666666666276,-0.194666666666663,0.11403083097163602,0.36861606099614264,-0.6705362260111372
2024-04-28,74.89333333333333,18.533333333333335,24.74633521287127,53.49,39.26,5011.0,7.416666666666666,61.57142857142857,0.6880952380952381,3.0,70.0,37764.0,175.0,3,5,7,0.2666666666666657,0.023333333333333428,,0.30333333333332746,0.21666666666666856,,0.2545852300245066,-0.04005689152332792,
2024-05-05,75.19666666666666,18.8,25.000920442895776,53.52333333333333,39.32666666666666,,6.538095238095238,63.0,0.44761904761904764,3.0,89.0,54184.0,221.0,3,3,7,-0.2433333333333323,-0.9333333333333371,-0.35999999999999943,-0.0866666666666589,-0.6333333333333258,-0.0899999999999892,-0.29464212154783453,-1.0391522870072798,-0.4478693361089512
2024-05-12,75.11,18.55666666666667,24.70627832134794,53.68,39.403333333333336,4429.2,6.995238095238095,64.28571428571429,0.4119047619047619,3.0,61.0,37435.0,160.0,3,5,7,-0.6900000000000048,,0.2733333333333299,-0.5466666666666669,,0.8125,-0.7445101654594453,,0.09536361969329121
2024-05-19,74.56333333333333,17.866666666666664,23.961768155888496,53.81999999999999,39.406666666666666,,7.430952380952381,62.57142857142857,0.65,1.0,14.0,9930.0,37.0,3,3,7,,0.5733333333333377,,,0.5433333333333366,,,0.5912829508983286,
2024-05-26,,,,,,,7.0,63.714285714285715,0.47857142857142854,1.0,15.0,10930.0,47.0,1,4,7,,,,,,,,,
2024-06-02,75.10666666666667,18.44,24.553051106786825,53.78333333333333,39.46666666666667,5291.166666666667,7.469047619047619,63.142857142857146,0.7714285714285715,1.0,11.0,5820.0,45.0,3,6,7,0.389999999999997,,0.9224999999999994,0.8158333333333303,,0.25583333333332803,0.24859083425440787,,1.1402072643034096
2024-06-09,75.9225,18.83,24.801641941041233,54.19,39.825,3645.6,7.883333333333334,63.142857142857146,0.43571428571428567,1.0,22.0,15525.0,56.0,4,5,7,,0.7000000000000028,0.11000000000000298,,0.11249999999999716,0.5075000000000074,,0.8844675607625305,-0.021129495291912548
2024-06-16,,,,,,,7.25,63.57142857142857,1.2261904761904763,1.0,14.0,9100.0,37.0,1,1,7,,,,,,,,,
2024-06-23,76.035,19.53,25.686109501803763,53.620000000000005,39.51,,7.916666666666667,68.0,0.9,0.0,0.0,0.0,0.0,2,1,7,-0.16750000000000043,-0.5899999999999999,-0.13000000000000256,-0.6724999999999994,0.39500000000001023,0.5999999999999943,0.007148869286471182,-0.9055970560544431,-0.37129438554274685
2024-06-30,75.3625,19.3625,25.693258371090234,53.1375,39.1325,,7.547619047619048,64.85714285714286,0.8619047619047618,1.0,13.0,11070.0,39.0,4,1,7,-0.42249999999999943,,0.2674999999999983,1.0675000000000097,,1.9125000000000085,-0.9127459253409143,,-0.2896791955338074
2024-07-07,76.43,18.94,24.78051244574932,54.57666666666666,40.123333333333335,,7.583333333333333,67.0,0.45555555555555555,3.0,51.0,35159.0,156.0,3,4,6,,0.4599999999999973,0.28999999999999915,,0.20499999999998408,1.3249999999999886,,0.5343026705116962,-0.04639594468671504
2024-07-14,,,,,,,7.702777777777778,64.16666666666667,0.6694444444444444,1.0,13.0,10970.0,37.0,1,3,6,,,,,,,,,
2024-07-21,76.63499999999999,19.4,25.314815116261016,54.325,40.004999999999995,5508.0,6.664285714285714,64.0,0.4333333333333333,2.0,30.0,21384.0,95.0,2,6,7,0.23000000000000043,-0.16999999999999815,,0.6400000000000148,1.1200000000000045,,0.08876405929541065,-0.5806986151984113,
2024-07-28,77.275,19.63,25.403579175556427,54.72,40.33,,7.652777777777779,63.666666666666664,0.5027777777777778,2.0,22.0,22020.0,77.0,4,4,6,-0.3999999999999986,0.27333333333333343,-0.11499999999999844,0.47999999999998977,-0.10833333333333428,0.5,-0.6694626744938219,0.3899461472506829,-0.3139045338755544
2024-08-04,77.755,19.23,24.734116501062605,55.57,40.915000000000006,,7.480555555555555,64.0,0.6333333333333333,0.0,0.0,0.0,0.0,2,2,6,0.673333333333332,,0.6750000000000007,-0.588333333333324,,-0.7099999999999937,1.0594088217445048,,1.1011000351789697
2024-08-11,77.16666666666667,19.903333333333332,25.79352532280711,54.346666666666664,40.1,5608.0,7.1571428571428575,63.42857142857143,0.5095238095238096,1.0,13.0,14460.0,35.0,3,5,7,,-0.38833333333333186,0.10166666666666657,,0.6083333333333343,0.6033333333333246,,-0.7038506811262373,-0.07031249461853051
2024-08-18,,,,,,,8.1,61.6,0.45999999999999996,0.0,0.0,0.0,0.0,1,0,5,,,,,,,,,
2024-08-25,77.775,19.515,25.089674641680872,55.315,40.745000000000005,,5.352777777777778,65.16666666666667,0.7805555555555556,0.0,0.0,0.0,0.0,2,4,6,0.39000000000000057,0.48999999999999844,1.1189999999999998,-0.730000000000004,-0.005000000000009663,0.3509999999999991,0.7455418945607022,0.6335381865077068,1.3213479720679935
2024-09-01,77.045,19.905,25.835216536241575,54.225,40.004999999999995,,6.258333333333333,65.5,0.4527777777777778,1.0,15.0,13650.0,38.0,2,3,6,0.09999999999999787,0.5033333333333339,0.7250000000000014,0.7249999999999943,1.3766666666666652,0.8425000000000011,-0.11200370805299542,0.18969550741377716,0.65260864769877
2024-09-08,77.77,20.005,25.72321282818858,54.835,40.459999999999994,4843.285714285715,7.927777777777777,62.833333333333336,0.33888888888888885,1.0,13.0,9680.0,39.0,2,7,6,0.403333333333336,0.6290000000000013,0.298333333333332,0.6516666666666708,0.35600000000000875,0.07666666666666799,0.3016992154667726,0.6878097855602867,0.35808410358053777
2024-09-15,78.42166666666667,20.408333333333335,26.024912043655352,55.071666666666665,40.699999999999996,4187.571428571428,6.88611111111111,64.0,0.41944444444444445,1.0,10.0,4050.0,32.0,3,7,6,0.22566666666666535,0.22166666666666757,0.40766666666666396,-0.2956666666666621,-0.534166666666664,0.15433333333332655,0.3861105700935141,0.46291314028499286,0.46640257152607845
2024-09-22,78.126,20.634,26.411022613748866,54.57000000000001,40.376,,7.088095238095238,64.0,0.4023809523809524,2.0,26.0,22015.0,82.0,5,4,7,-0.003999999999997783,-0.33066666666666933,0.1093333333333355,-0.23850000000000193,-0.27933333333334076,0.35649999999999693,0.07680257019147874,-0.32972568197974894,0.018664161118380207
2024-09-29,77.8875,20.630000000000003,26.487825183940345,54.3425,40.21,,7.8809523809523805,61.42857142857143,0.4857142857142857,0.0,0.0,0.0,0.0,4,4,7,-0.32666666666667155,0.1859999999999964,0.3733333333333313,-0.04083333333333883,0.6884999999999906,0.21250000000000568,-0.4065282521712277,0.0034894312410855832,0.40600571345370895
2024-10-06,77.84666666666666,20.30333333333333,26.081296931769117,54.61333333333334,40.35666666666666,4550.0,7.197619047619048,64.0,0.42857142857142855,1.0,13.0,11500.0,58.0,3,6,7,0.5126666666666679,0.44000000000000483,0.42333333333333556,0.7293333333333294,0.6358333333333377,1.2399999999999949,0.41001768341231326,0.34838984309812915,0.12664601933592579
2024-10-13,78.576,20.816,26.49131461518143,54.822,40.586,4646.714285714285,7.364285714285714,65.42857142857143,0.4714285714285714,1.0,13.0,14770.0,37.0,5,7,7,-0.0726666666666631,0.1873333333333349,-0.945999999999998,-0.0934999999999917,-0.4759999999999849,-0.2259999999999991,-0.06162784031418411,0.40251628221262337,-1.1295583130856564
2024-10-20,78.4825,20.743333333333336,26.429686774867246,54.81,40.56333333333333,5083.571428571428,6.488095238095238,64.0,0.43571428571428567,0.0,0.0,0.0,0.0,3,7,7,0.259999999999998,-0.016666666666669272,-0.030000000000001137,-0.3824999999999932,0.6041666666666572,-0.3924999999999983,0.4641441225268075,-0.22174382376220336,0.0947815736119253
2024-10-27,78.10000000000001,21.003333333333334,26.893830897394054,54.18333333333334,40.160000000000004,4528.142857142857,6.9071428571428575,64.42857142857143,0.6523809523809524,3.0,45.0,31546.0,119.0,3,7,7,-0.2766666666666673,-1.1333333333333329,-0.3308333333333344,0.9866666666666504,0.2499999999999858,-0.07600000000000762,-0.6858879462890108,-1.5320745952982797,-0.35793034746063057
2024-11-03,79.08666666666666,20.726666666666667,26.207942951105043,55.39666666666667,40.98,9833.42857142857,,,,1.0,13.0,10180.0,46.0,3,7,3,-0.8566666666666656,-0.013333333333331865,0.14083333333333314,-0.7366666666666646,-0.9966666666666555,-0.9626666666666637,-0.8461866490092689,0.31652539737412866,0.5023359586866256
2024-11-10,78.35,19.87,25.361756302095774,55.52,40.946666666666665,6207.857142857143,6.75,61.5,0.5527777777777777,0.0,0.0,0.0,0.0,3,7,6,0.8433333333333337,0.8024999999999984,1.009999999999998,-0.2599999999999909,-0.3259999999999934,-0.1766666666666623,1.1627120463833975,1.1741442478376491,1.3482378112739752
2024-11-17,78.09,20.713333333333335,26.52446834847917,54.46,40.29666666666667,4634.0,6.626190476190476,63.0,0.43809523809523804,0.0,0.0,0.0,0.0,3,7,7,-0.040833333333335275,0.154166666666665,-0.42333333333333556,-0.0660000000000025,0.033999999999991815,0.27249999999999375,0.011432201454251611,0.18581056131249696,-0.6301422864222133
2024-11-24,78.024,20.6725,26.535900549933423,54.32,40.1975,4871.285714285715,6.828571428571428,63.857142857142854,0.47619047619047616,1.0,13.0,10440.0,38.0,4,7,7,0.19500000000000028,0.20749999999999957,0.490000000000002,0.09999999999999432,0.1493333333333311,0.5734999999999957,0.17437835985824535,0.1740935634363261,0.38926611588076554
2024-12-01,78.124,20.8675,26.71027890979167,54.345,40.2475,4340.0,6.714285714285714,63.285714285714285,0.6833333333333333,0.0,0.0,0.0,0.0,4,7,7,0.01249999999999929,-0.5775000000000006,,0.04933333333333678,0.23850000000000193,,-0.00028479642191925336,-0.8159528477347102,
2024-12-08,78.17333333333333,20.88,26.70999411336975,54.373333333333335,40.266666666666666,4531.142857142857,6.928571428571429,64.28571428571429,0.7238095238095238,0.0,0.0,0.0,0.0,3,7,7,-0.5899999999999999,0.2825000000000024,,0.18916666666666515,0.4241666666666646,,-0.815668051312791,0.21517255244443945,
2024-12-15,78.3625,20.29,25.894326062056958,55.13,40.7225,5290.142857142857,7.002380952380952,65.0,0.6047619047619047,3.0,49.0,38199.0,144.0,4,7,7,0.8725000000000023,,0.3533333333333353,0.23499999999999943,,-0.08916666666667084,1.0308406037572304,,0.4774205316162963
2024-12-22,78.5975,21.1625,26.92516666581419,54.5075,40.41,5210.857142857143,6.992857142857143,62.714285714285715,0.6785714285714286,1.0,19.0,12019.0,46.0,4,7,7,,,0.21416666666666373,,,-0.23749999999999716,,,0.32598550338201804
2024-12-29,,,,,,7360.0,4.461111111111111,60.666666666666664,0.8138888888888888,1.0,14.0,12390.0,36.0,0,7,6,,,,,,,,,
2025-01-05,,,,,,10894.0,,,,0.0,0.0,0.0,0.0,0,7,1,,,,,,,,,
2025-01-12,78.27333333333333,20.643333333333334,26.371746593673254,54.69333333333333,40.45333333333333,3336.0,7.064285714285715,60.714285714285715,0.3619047619047619,0.0,0.0,0.0,0.0,3,7,7,0.7333333333333307,0.36333333333332973,,0.08666666666667311,0.6766666666666765,,0.8794055755229522,0.2349837980834124,
2025-01-19,78.36,21.376666666666665,27.251152169196207,54.153333333333336,40.196666666666665,4823.571428571428,6.6690476190476184,64.0,0.5904761904761904,1.0,15.0,10116.0,62.0,3,7,7,-0.370000000000001,,,0.5900000000000034,,,-0.6444217774395398,,
2025-01-26,78.95,21.006666666666664,26.606730391756667,55.00333333333333,40.73,2745.5714285714284,6.871428571428572,61.57142857142857,0.6047619047619047,1.0,14.0,12660.0,48.0,3,7,7,,,0.293333333333333,,,-0.769999999999996,,,0.6383434303747748
2025-02-02,,,,,,3520.285714285714,6.964285714285714,63.0,0.75,1.0,13.0,11010.0,47.0,0,7,7,,,,,,,,,
2025-02-09,,,,,,4465.142857142857,7.047619047619048,62.285714285714285,0.6666666666666666,0.0,0.0,0.0,0.0,1,7,7,,,,,,,,,
2025-02-16,,,,,,2847.8571428571427,7.347619047619048,60.857142857142854,0.7119047619047619,0.0,0.0,0.0,0.0,1,7,7,,,,,,,,,
2025-02-23,78.18,21.299999999999997,27.24507382213144,53.97,40.05,2096.8571428571427,7.121428571428571,59.57142857142857,0.4976190476190476,0.0,0.0,0.0,0.0,2,7,7,0.46000000000000085,-0.06333333333332902,-0.3339999999999961,0.35499999999998977,0.2874999999999943,-0.26400000000001,0.46146515135788846,-0.1596219604629141,-0.3344857885562327
2025-03-02,78.535,21.759999999999998,27.70653897348933,53.870000000000005,40.065,3211.714285714286,6.65952380952381,63.714285714285715,0.49523809523809526,0.0,0.0,0.0,0.0,2,7,7,-0.5233333333333299,-1.1649999999999991,-0.6066666666666656,-0.06749999999999545,0.2849999999999966,-0.5529999999999973,-0.6210871118208026,-1.5768776767894437,-0.6519755134891447
2025-03-09,78.4675,21.236666666666668,27.085451861668528,54.25333333333333,40.23,4138.0,6.954761904761904,64.42857142857143,0.9095238095238095,1.0,14.0,11760.0,29.0,3,7,7,-0.6416666666666693,-0.27066666666666706,-0.5216666666666683,0.35249999999999204,-0.5515000000000043,-0.4124999999999943,-0.9557905649686411,-0.17486382809331857,-0.5464705357314692
2025-03-16,78.82,20.595,26.129661296699886,55.275,40.855,5546.0,7.197619047619048,61.57142857142857,0.880952380952381,0.0,0.0,0.0,0.0,2,7,7,0.3710000000000022,0.5583333333333336,,-0.9039999999999964,-0.8379999999999939,,0.7809267368753225,0.924902163300299,
2025-03-23,77.916,20.966,26.91058803357521,54.04600000000001,40.04,5453.714285714285,6.942857142857143,64.28571428571429,1.1142857142857143,0.0,0.0,0.0,0.0,5,7,7,0.18733333333333135,-0.2510000000000012,-0.10433333333333294,0.0660000000000025,0.13900000000001,-0.02599999999999625,0.1439754264249764,-0.3716067076381506,-0.1274740134504242
2025-03-30,77.982,21.153333333333332,27.054563460000185,54.123333333333335,40.123333333333335,3601.4285714285716,7.1309523809523805,65.14285714285714,0.9023809523809524,0.0,0.0,0.0,0.0,3,7,7,-0.4383333333333326,,-0.31666666666666643,0.0730000000000075,,0.09799999999999898,-0.515582134063127,,-0.3664468900246689
2025-04-06,78.055,20.715,26.53898132593706,54.42,40.254999999999995,4439.0,6.9261904761904765,63.0,0.8595238095238095,0.0,0.0,0.0,0.0,2,7,7,,0.14666666666666828,0.6916666666666664,,-0.16500000000000625,0.7724999999999937,,0.24413269418772643,0.6225980753434861
2025-04-13,,,,,,6094.428571428572,6.983333333333333,65.5,0.5416666666666666,0.0,0.0,0.0,0.0,0,7,4,,,,,,,,,
2025-04-20,77.89,20.861666666666668,26.783114020124785,54.12166666666667,40.06666666666666,4831.571428571428,6.980555555555555,62.833333333333336,0.7999999999999999,1.0,13.0,12600.0,43.0,6,7,6,-0.02500000000000213,0.5449999999999982,0.38333333333333286,0.18999999999999773,0.9375,0.6233333333333348,-0.0949974501492683,0.3784653811557597,0.256538449151158
2025-04-27,78.08,20.836666666666666,26.688116569975517,54.32666666666666,40.20666666666667,3199.714285714286,6.6761904761904765,64.71428571428571,0.7214285714285714,4.0,66.0,37944.0,163.0,3,7,7,0.5700000000000003,,-0.17666666666666586,0.7475000000000023,,0.4125000000000085,0.473462831305028,,-0.3633947258523591
2025-05-04,78.8275,21.406666666666666,27.161579401280544,54.473333333333336,40.416666666666664,4640.714285714285,6.8619047619047615,65.28571428571429,0.9166666666666667,2.0,32.0,20754.0,80.0,3,7,7,,-0.1616666666666653,-0.006666666666664156,,-0.31416666666666515,0.25583333333332803,,-0.1219269320046017,-0.09943463694006027
2025-05-11,,,,,,5807.428571428572,6.428571428571429,62.0,1.0190476190476192,1.0,11.0,6630.0,50.0,1,7,7,,,,,,,,,
2025-05-18,78.51333333333334,21.245,27.039652469275943,54.42,40.36,5579.142857142857,7.3619047619047615,64.28571428571429,0.8357142857142856,2.0,30.0,17370.0,81.0,2,7,7,-0.5850000000000009,0.15500000000000114,0.25,-0.020833333333328596,0.5699999999999932,-0.5900000000000034,-0.7149306251527854,0.022492295064541423,0.5469747334468487
2025-05-25,78.4925,20.66,26.324721844123157,54.88666666666666,40.57666666666666,4697.142857142857,6.995238095238095,64.42857142857143,1.0857142857142859,2.0,32.0,17602.0,70.0,3,7,7,0.740000000000002,0.26000000000000156,0.25,0.5908333333333218,0.00549999999999784,-0.17583333333334394,0.7374229202173268,0.326126125849008,0.3750857562787573
2025-06-01,79.08333333333333,21.400000000000002,27.062144764340484,54.75,40.61,6282.857142857143,7.397222222222223,63.0,0.6166666666666667,2.0,29.0,16352.0,83.0,3,7,6,-0.4800000000000004,0.09499999999999886,-0.13000000000000256,-0.5853333333333239,-1.1599999999999966,-0.18666666666666742,-0.4112967943683188,0.5244824383823072,-0.1038793413657082
2025-06-08,78.498,20.92,26.650847969972165,54.644000000000005,40.448,3328.8333333333335,6.438095238095237,64.28571428571429,0.8238095238095238,1.0,13.0,7480.0,41.0,5,6,7,0.5749999999999993,-0.010000000000001563,0.14999999999999858,-0.5746666666666727,-0.18133333333334178,-0.32399999999999807,0.935779232750626,0.04895963042974927,0.30454312254444105
2025-06-15,77.92333333333333,21.495,27.58662720272279,53.535,39.76833333333334,3610.8571428571427,7.283333333333333,65.28571428571429,0.6476190476190476,1.0,12.0,6960.0,31.0,6,7,7,-0.5850000000000009,-0.22500000000000142,-0.625,0.39333333333333087,0.9733333333333292,0.15166666666665662,-0.8868196023208768,-0.6283617797480154,-0.8555129910425023
2025-06-22,78.31666666666666,20.91,26.699807600401915,54.48333333333333,40.32333333333333,4178.0,7.416666666666667,64.66666666666667,0.7722222222222221,4.0,62.0,40040.0,167.0,3,7,6,0.35999999999999943,0.16000000000000014,0.4380000000000024,0.5799999999999983,-0.14266666666665628,0.18333333333333712,0.2584578225728613,0.2555834921146918,0.497712450819904
2025-06-29,78.89666666666666,21.27,26.958265422974776,54.69333333333333,40.53666666666667,2903.4285714285716,6.554761904761905,65.28571428571429,0.8976190476190476,0.0,0.0,0.0,0.0,3,7,7,-0.1999999999999993,-0.3999999999999986,0.12600000000000122,-0.7226666666666546,-0.8216666666666725,-0.3846666666666607,-0.0028743304581695384,-0.2271512112944869,0.29416608762810625
2025-07-06,78.174,21.07,26.955391092516606,54.19199999999999,40.146,5025.571428571428,7.1571428571428575,66.0,0.9047619047619048,2.0,32.0,22929.0,82.0,5,7,7,-0.1999999999999993,0.27800000000000225,,-0.09900000000001796,0.3259999999999934,,-0.22427688083631736,0.24212895870521223,
2025-07-13,78.07499999999999,20.87,26.73111421168029,54.285,40.17,4461.428571428572,7.038095238095238,63.57142857142857,0.6047619047619047,2.0,32.0,25629.0,76.0,2,7,7,0.47800000000000153,0.5259999999999998,-0.14000000000000057,0.42500000000001137,0.4370000000000118,0.32100000000001216,0.4664058395415296,0.5213172989225932,-0.2886100716686322
2025-07-20,78.5,21.348000000000003,27.19752005122182,54.234,40.226,3869.4285714285716,6.95,67.14285714285714,0.7071428571428572,2.0,22.0,19350.0,75.0,5,7,7,0.047999999999998266,,-0.5763333333333378,0.012000000000000455,,0.14666666666666117,0.054911459381063565,,-0.7857023300233195
2025-07-27,78.512,21.396,27.252431510602882,54.2,40.206,4495.571428571428,7.116666666666667,67.85714285714286,0.9476190476190476,3.0,51.0,37033.0,158.0,5,7,7,,-0.6660000000000004,-0.677428571428571,,-0.11599999999999966,-0.2291428571428611,,-0.8099273705912253,-0.7829451791501576
2025-08-03,,,,,,4244.285714285715,6.961904761904762,66.28571428571429,1.0452380952380953,0.0,0.0,0.0,0.0,1,7,7,,,,,,,,,
2025-08-10,78.396,20.73,26.442504140011657,54.734,40.468,,6.95,65.0,0.48809523809523814,3.0,41.0,33500.0,142.0,5,3,7,0.0416666666666643,-0.011428571428570677,0.15600000000000236,0.2506666666666604,-0.11314285714286143,0.05999999999998806,-0.0306864188131577,0.026982191441067727,0.17819577404891618
2025-08-17,78.64666666666666,20.771666666666665,26.4118177211985,54.94,40.623333333333335,,7.202380952380952,66.85714285714286,0.6380952380952382,3.0,47.0,37630.0,144.0,6,3,7,-0.053095238095234976,0.30033333333333445,0.2908333333333353,-0.3638095238095218,-0.32066666666666777,-0.0866666666666589,0.05766861025422543,0.490912196572836,0.3978022614391108
2025-08-24,78.28285714285714,20.71857142857143,26.469486331452725,54.635714285714286,40.40428571428571,4287.4,7.433333333333333,62.285714285714285,0.6333333333333334,2.0,26.0,23700.0,86.0,7,5,7,0.3534285714285694,0.16742857142857304,0.2664285714285697,0.04314285714285404,0.1731428571428495,0.44214285714285495,0.4332435863186106,0.15121358260784845,0.18975323420924184
2025-08-31,78.326,21.072,26.902729917771335,54.334,40.236000000000004,,7.766666666666667,65.42857142857143,0.7357142857142858,3.0,39.0,38060.0,118.0,5,0,7,-0.1859999999999964,-0.009499999999999176,-0.17800000000000082,0.12999999999999545,0.23400000000000887,0.5300000000000011,-0.28203000371076214,-0.09310993513372523,-0.40650270954977685
2025-09-07,78.45599999999999,20.886000000000003,26.620699914060573,54.64,40.424,,6.297619047619048,65.85714285714286,0.7642857142857142,4.0,64.0,51606.0,194.0,5,0,7,0.17649999999999721,0.09899999999999665,0.4939999999999962,0.10400000000001342,0.26900000000000546,0.24733333333334429,0.18892006857703691,0.03853965160139339,0.5444817185781012
2025-09-14,78.56,21.0625,26.80961998263761,54.5625,40.4,,7.604761904761905,65.85714285714286,0.869047619047619,2.0,29.0,25220.0,89.0,4,0,7,-0.07750000000000057,-0.16850000000000165,0.30749999999999744,0.16499999999999204,0.29599999999999227,0.23199999999999932,-0.15038041697564353,-0.3133927744160516,0.312781687899399
2025-09-21,78.725,20.985,26.659239565661967,54.8025,40.5625,,7.55952380952381,68.28571428571429,0.8380952380952381,3.0,44.0,37941.0,138.0,4,0,7,-0.09100000000000108,0.3949999999999996,-0.2789999999999999,0.13100000000000023,-0.021666666666661172,0.05100000000000193,-0.1630123574404081,0.5059420669767078,-0.37497614738751395
2025-09-28,78.856,20.894,26.49622720822156,55.02,40.694,,6.838095238095238,66.71428571428571,0.6333333333333334,4.0,61.0,53285.0,187.0,5,0,7,0.48600000000000065,0.4759999999999991,-0.21899999999999764,-0.1526666666666614,-0.06399999999999295,-0.61099999999999,0.668954424417116,0.6261744623154506,-0.07349866145011674
2025-10-05,78.70333333333333,21.38,27.165181632638674,54.39833333333333,40.333333333333336,,6.928571428571429,65.28571428571429,0.7999999999999999,3.0,44.0,41551.0,165.0,6,0,7,-0.010000000000001563,-0.6739999999999995,-0.6699999999999982,0.08866666666666845,0.0726666666666631,-0.42133333333333667,-0.04277996210166535,-0.8809182143642218,-0.7279394756674904
2025-10-12,78.792,21.369999999999997,27.12240167053701,54.49400000000001,40.4,,6.995238095238095,65.28571428571429,0.9857142857142858,2.0,32.0,25744.0,107.0,5,4,7,-0.6639999999999979,-0.6949999999999967,-1.7199999999999953,-0.016000000000005343,-0.546999999999997,-3.7020000000000124,-0.8381382522625564,-0.6996731237655673,-0.9530345693006339
2025-10-19,78.776,20.706,26.284263418274453,55.122,40.732000000000006,4285.142857142857,6.169047619047619,64.0,1.2452380952380953,2.0,28.0,21164.0,84.0,5,7,7,-0.030999999999998806,0.004000000000001336,-1.306000000000001,-0.5309999999999917,-0.4939999999999998,-2.447666666666663,0.1384651284969891,0.1529787386967314,-0.8875769604983255
2025-10-26,78.245,20.675,26.42272854677144,54.64,40.3825,3640.4285714285716,6.873809523809524,64.42857142857143,0.8285714285714285,1.0,16.0,13572.0,47.0,4,7,7,0.03500000000000014,-1.0249999999999986,-1.6075000000000017,0.03699999999999193,-3.1550000000000153,-1.7750000000000057,0.014513610199742288,-0.25336144553506657,-1.4878081164398687
2025-11-02,78.282,20.71,26.437242156971184,54.6925,40.425,3813.285714285714,6.5738095238095235,64.0,1.1857142857142857,2.0,32.0,23806.0,99.0,4,7,7,-1.0599999999999987,-1.3100000000000023,-1.8250000000000028,-3.1920000000000073,-1.9536666666666633,-2.3319999999999936,-0.26787505573480885,-1.0405556991950569,-1.5684688965590574
2025-11-09,75.08999999999999,19.650000000000002,26.169367101236375,52.596666666666664,38.73,1161.857142857143,6.097619047619048,68.28571428571429,1.4166666666666665,0.0,0.0,0.0,0.0,3,7,7,-0.25000000000000355,-0.5825000000000031,-0.49333333333333584,1.238333333333344,1.3800000000000097,0.7400000000000091,-0.772680643460248,-1.234446670904802,-0.9053867166770537
2025-11-16,76.32833333333333,19.4,25.396686457776127,54.092,39.766,4229.571428571428,6.811904761904763,63.0,0.930952380952381,0.0,0.0,0.0,0.0,5,7,7,-0.3324999999999996,-0.5150000000000006,-0.42333333333333556,0.14166666666666572,-0.3783333333333303,-0.8216666666666725,-0.4617660274445541,-0.5279131973640006,-0.26167539191158085
2025-11-23,76.47,19.0675,24.934920430331573,54.4925,40.015,4889.714285714285,6.55,67.85714285714286,0.7738095238095238,1.0,16.0,10335.0,50.0,4,7,7,-0.182500000000001,0.08916666666666728,-0.8300000000000018,-0.519999999999996,-0.6400000000000006,-0.9650000000000034,-0.06614716991944647,0.32905995422774836,-0.7797374494793523
2025-11-30,75.95,18.884999999999998,24.868773260412127,54.165,39.75,3557.8571428571427,6.273809523809524,66.71428571428571,1.211904761904762,1.0,16.0,12406.0,46.0,2,7,7,0.2716666666666683,0.09166666666666501,,-0.12000000000000455,-0.44333333333334224,,0.39520712414719483,0.2662378054524197,
2025-12-07,75.83,19.156666666666666,25.26398038455932,53.78666666666667,39.50666666666667,4447.714285714285,6.54047619047619,64.28571428571429,0.6880952380952381,0.0,0.0,0.0,0.0,3,7,7,-0.18000000000000327,-0.9191666666666691,,-0.3233333333333377,-0.32500000000000284,,-0.12896931869477513,-1.1087974037071007,
2025-12-14,75.50666666666666,18.976666666666663,25.135011065864546,53.65,39.38,3624.714285714286,6.1309523809523805,65.85714285714286,1.3047619047619048,0.0,0.0,0.0,0.0,3,7,7,-0.7391666666666659,,0.528333333333336,-0.0016666666666651508,,1.3033333333333417,-0.9798280850123255,,0.2574958112530794
2025-12-21,75.505,18.237499999999997,24.15518298085222,54.37,39.8025,7349.857142857143,5.969047619047619,66.0,1.5142857142857142,0.0,0.0,0.0,0.0,4,7,7,,,1.0175000000000018,,,0.32500000000000284,,,1.238273750935523
2025-12-28,,,,,,4425.714285714285,6.102380952380952,65.42857142857143,0.9380952380952381,0.0,0.0,0.0,0.0,0,7,7,,,,,,,,,
2026-01-04,,,,,,5753.857142857143,,,,0.0,0.0,0.0,0.0,1,7,2,,,,,,,,,
2026-01-11,76.81,19.505,25.392506877117626,54.4,40.004999999999995,5039.714285714285,5.721428571428571,66.42857142857143,0.5785714285714285,2.0,35.0,20780.0,94.0,2,7,7,-0.25,-0.20899999999999963,-0.8024999999999984,-0.980000000000004,-0.41200000000000614,-1.8375000000000057,0.0009498546701180999,-0.134781784471528,-0.44707923012508033
2026-01-18,75.83,19.255,25.393456731787744,53.695,39.447500000000005,,6.793333333333334,66.6,0.8933333333333333,2.0,32.0,15944.0,97.0,4,3,5,0.04100000000000037,-0.022999999999999687,-0.8866666666666667,0.5679999999999978,-0.26199999999998624,-1.011666666666656,-0.1357316391416461,0.056966382673323324,-0.8418567662557486
2026-01-25,76.398,19.296,25.257725092646098,54.20399999999999,39.826,5085.333333333333,5.10468253968254,64.33333333333333,0.25952380952380955,3.0,57.0,26456.0,155.0,5,6,7,-0.06400000000000006,-0.5934999999999988,-1.1784999999999997,-0.8299999999999841,-1.4254999999999995,-1.5604999999999905,0.19269802181496942,-0.31229744565355233,-1.048056672297303
2026-02-01,75.56800000000001,19.232,25.450423114461067,53.46,39.272000000000006,5658.571428571428,6.238095238095238,63.42857142857143,0.5547619047619048,3.0,53.0,22373.0,155.0,5,7,7,-0.5294999999999987,-0.863666666666667,-1.6786666666666683,-0.5955000000000155,-0.7496666666666698,-1.8613333333333486,-0.5049954674685218,-0.8988231489290719,-1.634322334746674
2026-02-08,74.9725,18.7025,24.945427646992545,53.4025,39.1475,11421.857142857143,5.016666666666667,64.57142857142857,0.5380952380952381,0.0,0.0,0.0,0.0,4,7,7,-0.3341666666666683,-0.5850000000000009,-0.932500000000001,-0.15416666666665435,-0.1349999999999909,-0.9058333333333337,-0.39382768146055014,-0.7357592266437507,-0.9548063255681427
2026-02-15,74.81833333333334,18.368333333333332,24.551599965531995,53.580000000000005,39.223333333333336,11765.857142857143,6.438214285714286,62.0,0.3880952380952381,3.0,45.0,33635.0,133.0,6,7,7,-0.2508333333333326,-0.8150000000000013,-0.4483333333333306,0.019166666666663446,-1.1116666666666788,-0.4933333333333536,-0.34193154518320057,-0.7354991858176021,-0.4404458109411351
2026-02-22,74.8375,18.1175,24.209668420348795,53.8425,39.3825,9175.42857142857,5.723809523809524,63.0,0.6238095238095239,1.0,16.0,12546.0,52.0,4,7,7,-0.5641666666666687,-0.34750000000000014,-0.05250000000000199,-1.1308333333333422,-0.7708333333333428,-0.9025000000000034,-0.3935676406344015,-0.219047098924392,0.22345285487126532
2026-03-01,73.70666666666666,17.55333333333333,23.816100779714393,53.29666666666666,38.89333333333334,7739.571428571428,5.802380952380952,63.285714285714285,1.061904761904762,1.0,9.0,5952.0,39.0,3,7,7,0.21666666666666856,0.3666666666666707,,0.35999999999999943,0.6183333333333252,,0.17452054171000952,0.295053374876467,
2026-03-08,74.06666666666666,17.77,23.990621321424403,53.43,39.02333333333333,8198.42857142857,6.623809523809524,62.42857142857143,0.6666666666666667,0.0,0.0,0.0,0.0,3,7,7,0.15000000000000213,0.29499999999999815,,0.25833333333332575,-0.1316666666666606,,0.12053283316645746,0.4424999537956573,
2026-03-15,74.32499999999999,17.92,24.11115415459086,53.54,39.120000000000005,8657.42857142857,6.061904761904762,71.14285714285714,0.4785714285714286,0.0,0.0,0.0,0.0,2,7,7,0.14499999999999602,,,-0.38999999999998636,,,0.32196712062919985,,
2026-03-22,73.935,18.064999999999998,24.43312127522006,53.025000000000006,38.754999999999995,10177.0,6.4190476190476184,63.142857142857146,0.7642857142857142,0.0,0.0,0.0,0.0,2,7,7,,,,,,,,,
2026-03-29,,,,,,8934.57142857143,7.0928571428571425,61.714285714285715,0.6904761904761905,0.0,0.0,0.0,0.0,0,7,7,,,,,,,,,
2026-04-05,,,,,,8490.857142857143,6.807142857142857,65.28571428571429,0.6309523809523808,0.0,0.0,0.0,0.0,1,7,7,,,,,,,,,
2026-04-12,,,,,,8252.142857142857,5.957142857142857,64.57142857142857,0.9166666666666667,1.0,16.0,11160.0,43.0,0,7,7,,,,,,,,,
2026-04-19,,,,,,12026.714285714286,6.571428571428571,67.71428571428571,0.530952380952381,2.0,32.0,22684.0,97.0,1,7,7,,,,,,,,,
2026-04-26,,,,,,12084.285714285714,6.961904761904762,64.71428571428571,1.130952380952381,0.0,0.0,0.0,0.0,1,7,7,,,,,,,,,
2026-05-03,75.75999999999999,19.04,25.133004673423486,53.845,39.504999999999995,16184.0,6.397460317460317,65.0,0.8642460317460318,1.0,16.0,11149.0,45.0,2,7,7,,0.9400000000000013,0.3400000000000034,,0.7600000000000051,0.4750000000000085,,0.9789346824374832,0.28695134531003674
2026-05-10,,,,,,12646.42857142857,6.778571428571429,63.857142857142854,0.6238095238095239,1.0,16.0,11130.0,47.0,1,7,7,,,,,,,,,
2026-05-17,76.52,19.98,26.11193935586097,53.655,39.525000000000006,14218.285714285714,6.833333333333334,65.42857142857143,0.6238095238095237,2.0,32.0,23604.0,100.0,2,7,7,,-0.5999999999999979,-0.5599999999999987,,-0.2849999999999966,0.5600000000000023,,-0.6919833371274464,-0.9164408487676923
2026-05-24,,,,,,12012.714285714286,7.442857142857142,65.57142857142857,0.40476190476190477,2.0,26.0,20862.0,80.0,1,7,7,,,,,,,,,
2026-05-31,76.235,19.380000000000003,25.419956018733522,53.96,39.650000000000006,9267.714285714286,7.202380952380953,64.85714285714286,0.5928571428571429,1.0,14.0,12076.0,55.0,2,7,7,,0.03999999999999915,0.05499999999999616,,0.8449999999999989,0.8149999999999977,,-0.22445751164024585,-0.20425397227847242
2026-06-07,,,,,,6900.0,7.328571428571428,65.85714285714286,0.819047619047619,2.0,35.0,14680.0,98.0,1,7,7,,,,,,,,,
2026-06-14,77.08,19.42,25.195498507093276,54.74,40.23333333333333,7860.857142857143,6.147619047619047,65.85714285714286,0.5452380952380953,3.0,50.0,28297.0,130.0,3,7,7,0.2699999999999996,0.014999999999997016,0.21999999999999886,0.10999999999999943,-0.030000000000001137,0.2633333333333354,0.31350253348945145,0.020203539361773437,0.22352501894232546
2026-06-21,77.19,19.69,25.509001040582728,54.585,40.144999999999996,5631.714285714285,7.304761904761905,64.71428571428571,0.588095238095238,2.0,32.0,13828.0,84.0,2,7,7,-0.25500000000000256,-0.3049999999999997,,-0.14000000000000057,-0.7999999999999972,,-0.293298994127678,-0.13262102278798338,
2026-06-28,77.05,19.435,25.21570204645505,54.715,40.205,6469.857142857143,6.742857142857142,64.42857142857143,0.4309523809523809,1.0,15.0,10672.0,38.0,2,7,7,-0.04999999999999716,0.20500000000000185,0.615000000000002,-0.6599999999999966,0.29333333333333655,0.18000000000000682,0.16067797133969464,0.20332147958055202,0.7449049547080797
2026-07-05,76.39,19.385,25.376380017794745,54.105000000000004,39.745000000000005,5489.714285714285,5.604761904761905,64.85714285714286,0.5190476190476191,1.0,19.0,10145.0,49.0,2,7,7,0.254999999999999,,0.6483333333333334,0.9533333333333331,,1.4666666666666686,0.042643508240857386,,0.35441907980618836
2026-07-12,77.34333333333333,19.64,25.419023526035602,54.705,40.230000000000004,7183.285714285715,7.908333333333334,63.833333333333336,0.45555555555555555,0.0,0.0,0.0,0.0,2,7,6,,0.41000000000000014,0.7800000000000011,,-0.11333333333332973,0.37333333333333485,,0.5415834751275277,0.8549254337710543
2026-07-19,,,,,,7691.857142857143,,,,1.0,16.0,5214.0,43.0,0,7,3,,,,,,,,,
2026-07-26,77.23,20.05,25.96060700116313,54.27,39.9725,7611.0,6.814285714285714,67.28571428571429,0.4761904761904762,1.0,16.0,8790.0,42.0,4,7,7,-0.01666666666666572,0.370000000000001,0.120000000000001,0.6266666666666652,0.4866666666666646,0.75,-0.2298079035621967,0.31334195864352665,-0.09369733603405805
2026-08-02,77.85666666666667,20.033333333333335,25.730799097600933,54.89000000000001,40.416666666666664,4870.571428571428,7.804761904761905,66.14285714285714,0.5619047619047619,4.0,69.0,37673.0,193.0,3,7,7,0.3866666666666667,0.28041666666666387,0.4016666666666673,-0.14000000000000057,0.37958333333332916,0.0383333333333411,0.5431498622057234,0.23380877017309132,0.5050802273129129
2026-08-09,77.71666666666667,20.42,26.273948959806656,54.38333333333333,40.11333333333334,8421.285714285714,7.233333333333333,64.0,0.6833333333333333,2.0,34.0,22075.0,101.0,3,7,7,-0.10625000000000284,-0.25,0.629999999999999,0.5195833333333297,0.2633333333333354,0.6666666666666714,-0.30934109203263205,-0.4070392946775847,0.5867817081302498
2026-08-16,78.23625,20.31375,25.964607867774024,54.980000000000004,40.5325,4932.0,7.942857142857143,64.85714285714286,0.35714285714285715,2.0,35.0,16800.0,80.0,4,7,7,-0.14374999999999716,0.12125000000000341,0.8429166666666674,-0.2562499999999943,-0.34124999999998806,0.7170833333333348,-0.09769820264495266,0.2712714571398216,0.8298903543528837
2026-08-23,77.98,20.17,25.86690966512907,54.875,40.43,5734.285714285715,7.383333333333334,64.85714285714286,0.4785714285714286,2.0,32.0,20430.0,85.0,4,7,7,0.26500000000000057,0.879999999999999,1.1499999999999986,-0.08499999999999375,0.403333333333336,1.3049999999999926,0.36896965978477425,0.9938210028078345,1.021992626727414
2026-08-30,77.89500000000001,20.435000000000002,26.235879324913846,54.535,40.225,5143.428571428572,5.8532222222222225,67.25,0.53,0.0,0.0,0.0,0.0,2,7,5,0.6149999999999984,0.721666666666664,0.947499999999998,0.48833333333332973,1.058333333333323,1.4274999999999807,0.6248513430230602,0.5586188972130621,0.7204376460461717
2026-09-06,78.38333333333334,21.05,26.860730667936906,54.41,40.24333333333333,3941.714285714286,6.911904761904762,65.0,0.45714285714285713,1.0,16.0,6578.0,45.0,3,7,7,0.10666666666666558,0.2699999999999996,,0.5699999999999932,0.9016666666666566,,-0.0662324458099981,0.028171623919579503,
2026-09-13,78.95333333333333,21.156666666666666,26.794498222126908,54.86333333333334,40.58,4944.571428571428,7.588095238095238,64.85714285714286,0.36666666666666664,3.0,53.0,31032.0,138.0,3,7,7,0.163333333333334,0.225833333333334,,0.33166666666666345,0.36916666666665776,,0.0944040697295776,0.16181874883310954,
2026-09-20,79.285,21.32,26.888902291856486,55.019999999999996,40.72,4111.0,6.828571428571428,64.57142857142857,0.8261904761904761,2.0,35.0,16158.0,85.0,4,7,7,0.0625,,,0.037499999999994316,,,0.06741467910353194,,
2026-09-27,79.32249999999999,21.3825,26.956316970960017,55.0,40.715,4402.428571428572,6.752380952380952,64.57142857142857,0.4880952380952381,,,,,4,7,7,,,,,,,,,
